rc_number,location,fir_date,pdf_url
RC0252026A0009,,,https://cbi.gov.in/download/L2Fzc2V0cy9maWxlcy9maXIvMTIyMDgxMjY0N0ZJUiBpbiBSQyAwOShBKS0yMDI2LUQucGRm
RC2182025A0017,,,https://cbi.gov.in/download/L2Fzc2V0cy9maWxlcy9maXIvMTQ1NzkzMDg1NVJDMjE4MjAyNkEwMDE3LnBkZg==
RC2182025A0016,,,https://cbi.gov.in/download/L2Fzc2V0cy9maWxlcy9maXIvMjAxMjA2MzYzUkMyMTgyMDI2QTAwMTYucGRm
RC0312026A0009,,,https://cbi.gov.in/download/L2Fzc2V0cy9maWxlcy9maXIvMTUxMzczMTI3NlJDMDMxMjAyNkEwMDA5LnBkZg==
RC0062026A0027,,,https://cbi.gov.in/download/L2Fzc2V0cy9maWxlcy9maXIvMjk3MjEzMjE2UkMwMDYyMDI2QTAwMjcucGRm
RC0962026A0011,,,https://cbi.gov.in/download/L2Fzc2V0cy9maWxlcy9maXIvMTI2ODExNzM3NFJDMDk2MjAyNkEwMDExLnBkZg==
RC0262026A0019,,,https://cbi.gov.in/download/L2Fzc2V0cy9maWxlcy9maXIvMjMzNTYyOTNGSVIgMTkoQSkyMDI2IFBPUlRFTC5wZGY=
RC0252026A0008,,,https://cbi.gov.in/download/L2Fzc2V0cy9maWxlcy9maXIvMTUxMjIzNjY4NkZJUiBpbiBSQzA4KEEpMjYtRC5wZGY=
RC0082026A0016,,,https://cbi.gov.in/download/L2Fzc2V0cy9maWxlcy9maXIvMTYzOTAzMTkxMVJDMDA4MjAyNkEwMDE2XzAwMDEucGRm
RC2312026S0013,,,https://cbi.gov.in/download/L2Fzc2V0cy9maWxlcy9maXIvMTU0NDgzMTcwOFJDMjMxMjAyNlMwMDEzLnBkZg==
RC2192026E0018,,,https://cbi.gov.in/download/L2Fzc2V0cy9maWxlcy9maXIvNDE4Mjc4MTIxUkMyMTkyMDI2RTAwMTgucGRm
RC2192026E0017,,,https://cbi.gov.in/download/L2Fzc2V0cy9maWxlcy9maXIvMTc4NTIzMTc5MlJDMjE5MjAyNkUwMDE3LnBkZg==
RC2192026E0016,,,https://cbi.gov.in/download/L2Fzc2V0cy9maWxlcy9maXIvMTMzNzkwMzM3MVJDMjE5MjAyNkUwMDE2LnBkZg==
RC2192026E0015,,,https://cbi.gov.in/download/L2Fzc2V0cy9maWxlcy9maXIvMTg1MDE2NTc5OVJDMjE5MjAyNkUwMDE1LnBkZg==
RC2192026E0014,,,https://cbi.gov.in/download/L2Fzc2V0cy9maWxlcy9maXIvNDc1ODU1MzA0UkMyMTkyMDI2RTAwMTQucGRm
RC0232026A0017,,,https://cbi.gov.in/download/L2Fzc2V0cy9maWxlcy9maXIvNjIzMTI0NTJSQzAyMzIwMjZBMDAxNy5wZGY=
RC0102026A0006,,,https://cbi.gov.in/download/L2Fzc2V0cy9maWxlcy9maXIvMjEwNjk2ODc0N0ZJUiAyLnBkZg==
RC2312026S0012,,,https://cbi.gov.in/download/L2Fzc2V0cy9maWxlcy9maXIvNjAzNjI3NzY1UkMyMzEyMDI2UzAwMTIucGRm
RC2182026A0015,,,https://cbi.gov.in/download/L2Fzc2V0cy9maWxlcy9maXIvMTQ0ODY4MjM1MlJDMjE4MjAyNkEwMDE1LnBkZg==
RC2162026A0009,,,https://cbi.gov.in/download/L2Fzc2V0cy9maWxlcy9maXIvMTk4MTgyMTc2MVJDMjE2MjAyNkEwMDA5LnBkZg==
RC0032026A0058,,,https://cbi.gov.in/download/L2Fzc2V0cy9maWxlcy9maXIvMTkwMTY3NzYyMlJDMDAzMjAyNkEwMDU4LnBkZg==
RC0502026S0005,,,https://cbi.gov.in/download/L2Fzc2V0cy9maWxlcy9maXIvMTczMDI1NjI2OWZpXzAwMDEucGRm
RC0072026S0007,,,https://cbi.gov.in/download/L2Fzc2V0cy9maWxlcy9maXIvMTk3NzE4Nzc5N1JDMDA3MjAyNlMwMDA3X0Zpcl9WZXIyLnBkZg==
RC0242026S0011,,,https://cbi.gov.in/download/L2Fzc2V0cy9maWxlcy9maXIvMTc1OTU1NTY5N1JDMDI0MjAyNlMwMDExLnBkZg==
RC0742026E0007,,,https://cbi.gov.in/download/L2Fzc2V0cy9maWxlcy9maXIvMTUwMTUxODg2MEZJUiBSQyAwNzQyMDI2RTAwMDcucGRm
RC0482026S0005,,,https://cbi.gov.in/download/L2Fzc2V0cy9maWxlcy9maXIvMTkwMTA5MDA1OVJDMDQ4MjAyNlMwMDA1LnBkZg==
RC0332026E0005,,,https://cbi.gov.in/download/L2Fzc2V0cy9maWxlcy9maXIvMTMxNzkyODI4M0ZJUiBTY2FubmVkIGNvcHlfMV9vY3JfZW5hYmxlZC5wZGY=
RC0322026A0014,,,https://cbi.gov.in/download/L2Fzc2V0cy9maWxlcy9maXIvMTM4OTk1OTM5M0ZJUiBSQyAxNCAyMDI2LnBkZg==
RC0062026A0026,,,https://cbi.gov.in/download/L2Fzc2V0cy9maWxlcy9maXIvNzQzMjAxODczUkMwMDYyMDI2QTAwMjYucGRm
RC2182026A0014,,,https://cbi.gov.in/download/L2Fzc2V0cy9maWxlcy9maXIvMTg2MTUyMzU0M1JDMjE4MjAyNkEwMDE0LnBkZg==
RC0082026A0015,,,https://cbi.gov.in/download/L2Fzc2V0cy9maWxlcy9maXIvMTI3MzI5MTI5OVJDMDA4MjAyNkEwMDE1LnBkZg==
RC0052026A0022,,,https://cbi.gov.in/download/L2Fzc2V0cy9maWxlcy9maXIvMjE4MDM5MjIzUkMwMDUyMDI2QTAwMjIucGRm
RC0262026A0018,,,https://cbi.gov.in/download/L2Fzc2V0cy9maWxlcy9maXIvMjA1OTQ3MTczMFJDMDI2MjAyNkEwMDE4LnBkZg==
RC0242026A0010,,,https://cbi.gov.in/download/L2Fzc2V0cy9maWxlcy9maXIvOTUzNDUzMjk1UkMwMjQyMDI2QTAwMTAucGRm
RC0292026A0006,,,https://cbi.gov.in/download/L2Fzc2V0cy9maWxlcy9maXIvMTgwMjc5NzU4M0ZJUiBpbiBSQzAyOTIwMjZBMDAwNi5wZGY=
RC0962026A0010,,,https://cbi.gov.in/download/L2Fzc2V0cy9maWxlcy9maXIvNDI3MDI0MjcwUkMwOTYyMDI2QTAwMTAucGRm
RC0322026A0013,,,https://cbi.gov.in/download/L2Fzc2V0cy9maWxlcy9maXIvMTgzNzg1MDE1NUZJUi0gUkMgMTMgMjAyNiBVcGxvYWQucGRm
RC0262026A0017,,,https://cbi.gov.in/download/L2Fzc2V0cy9maWxlcy9maXIvNzA4ODU1NjgwUkMwMjYyMDI2QTAwMTcgUG9ydGFsMDAxLnBkZg==
RC0032026A0057,,,https://cbi.gov.in/download/L2Fzc2V0cy9maWxlcy9maXIvMjAwNDc3MTk5MFJDMDAzMjAyNkEwMDU3LnBkZg==
RC2162026A0008,,,https://cbi.gov.in/download/L2Fzc2V0cy9maWxlcy9maXIvMjkwNDY2ODA0UkMyMTYyMDI2QTAwMDgucGRm
RC2202026E0011,,,https://cbi.gov.in/download/L2Fzc2V0cy9maWxlcy9maXIvNDMwNzgyMDY1RklSLTExLTIwMjYucGRm
RC0732026E0015,,,https://cbi.gov.in/download/L2Fzc2V0cy9maWxlcy9maXIvMTIzOTQyMTU3M1JDMDczMjAyNkUwMDE1LW91dHB1dC5wZGY=
RC0362026A0018,,,https://cbi.gov.in/download/L2Fzc2V0cy9maWxlcy9maXIvODUyNjQ0NDk0UkMwMzYyMDI2QTAwMTgucGRm
RC0362026A0017,,,https://cbi.gov.in/download/L2Fzc2V0cy9maWxlcy9maXIvMTI5NTE1MzgxMFJDMDM2MjAyNkEwMDE3LnBkZg==
RC21620260007,,,https://cbi.gov.in/download/L2Fzc2V0cy9maWxlcy9maXIvMTAxNDA5MTMxUkMyMTYyMDI2QTAwMDcucGRm
RC0052026A0021,,,https://cbi.gov.in/download/L2Fzc2V0cy9maWxlcy9maXIvNDIxNjEzOTE0UkMwMDUyMDI2QTAwMjEucGRm
RC0362026A0016,,,https://cbi.gov.in/download/L2Fzc2V0cy9maWxlcy9maXIvMTczMTk3Mzg4OFJDMDM2MjAyNkEwMDE2LnBkZg==
RC0152026A0007,,,https://cbi.gov.in/download/L2Fzc2V0cy9maWxlcy9maXIvMTUyMDkwODE0NkZJUiBvZiBSQyAwNyBBIDIwMjYtIEJCU1IucGRm
RC0032026A0056,,,https://cbi.gov.in/download/L2Fzc2V0cy9maWxlcy9maXIvNDIyNTg1Nzc2UkMwMDMyMDI2QTAwNTYucGRm
RC0362026A0015,,,https://cbi.gov.in/download/L2Fzc2V0cy9maWxlcy9maXIvMTA4NTAzMDM1MVJDMDM2MjAyNkEwMDE1LnBkZg==
RC0032026A0055,,,https://cbi.gov.in/download/L2Fzc2V0cy9maWxlcy9maXIvMTI3NDcwNjA0NFJDMDAzMjAyNkEwMDU1LnBkZg==
RC0362026A0014,,,https://cbi.gov.in/download/L2Fzc2V0cy9maWxlcy9maXIvMjgzOTk2MTg4UkMwMzYyMDI2QTAwMTQucGRm
RC0042026A0010,,,https://cbi.gov.in/download/L2Fzc2V0cy9maWxlcy9maXIvOTY2NTA2MjUwUkMwMDQyMDI2QTAwMTAucGRm
RC0032026A0054,,,https://cbi.gov.in/download/L2Fzc2V0cy9maWxlcy9maXIvOTczOTU1NDdSQzAwMzIwMjZBMDA1NC5wZGY=
RC1242026S0007,,,https://cbi.gov.in/download/L2Fzc2V0cy9maWxlcy9maXIvMTQ2NjE4NzAxUkMxMjQyMDI2UzAwMDcucGRm
RC1242026A0006,,,https://cbi.gov.in/download/L2Fzc2V0cy9maWxlcy9maXIvNjEwMjExMzkzUkMxMjQyMDI2QTAwMDYucGRm
RC0732026E0014,,,https://cbi.gov.in/download/L2Fzc2V0cy9maWxlcy9maXIvMTM0NjAzMDUzOVJDMDczMjAyNkUwMDE0IC0gRklSLW91dHB1dC5wZGY=
RC0302026A0012,,,https://cbi.gov.in/download/L2Fzc2V0cy9maWxlcy9maXIvNzEyNzk0OTIyRklSIFJDIDEyLTIwMjYucGRm
RC0302026A0011,,,https://cbi.gov.in/download/L2Fzc2V0cy9maWxlcy9maXIvMTY0MzUxNTUwNEZJUiBSQyAxMS0yMDI2LnBkZg==
RC0172026A0008,,,https://cbi.gov.in/download/L2Fzc2V0cy9maWxlcy9maXIvOTMwNzU2OTM4RklSIGluIFJDMDE3MjAyNkEwMDA4LnBkZg==
RC0032026A0053,,,https://cbi.gov.in/download/L2Fzc2V0cy9maWxlcy9maXIvNjkyMDk5NDlSQzAwMzIwMjZBMDA1My5wZGY=
RC0282026A0007,,,https://cbi.gov.in/download/L2Fzc2V0cy9maWxlcy9maXIvNjE1MTA0NzQ1RklSIFJDMDI4MjA2QTAwMDcucGRm
RC0232026S0016,,,https://cbi.gov.in/download/L2Fzc2V0cy9maWxlcy9maXIvMjAzODk4OTQ5UkMxNlMyMDI2LnBkZg==
RC0062026A0025,,,https://cbi.gov.in/download/L2Fzc2V0cy9maWxlcy9maXIvMTg2NzEzNTgwOVJDMDA2MjAyNkEwMDI1LnBkZg==
RC0682026E0009,,,https://cbi.gov.in/download/L2Fzc2V0cy9maWxlcy9maXIvMTU0MjE5MTMxNlJDMDY4MjAyNkUwMDA5LnBkZg==
RC0362026A0013,,,https://cbi.gov.in/download/L2Fzc2V0cy9maWxlcy9maXIvMTEzNjI2MTg4MVJDMDM2MjAyNkEwMDEzLnBkZg==
RC0062026A0024,,,https://cbi.gov.in/download/L2Fzc2V0cy9maWxlcy9maXIvMTE2NzQ3MzUyNVJDMDA2MjAyNkEwMDI0LnBkZg==
RC1222026A0010,,,https://cbi.gov.in/download/L2Fzc2V0cy9maWxlcy9maXIvMzk0MjMzNDY2VXBsb2FkIEZJUiBSQzEyMjIwMjZBMDAxMC5wZGY=
RC0582026S0009,,,https://cbi.gov.in/download/L2Fzc2V0cy9maWxlcy9maXIvNjQwNDgxNDAzUkM5UzIwMjYgU2lnbiA0IFBhZ2UucGRm
RC0362026A0012,,,https://cbi.gov.in/download/L2Fzc2V0cy9maWxlcy9maXIvODIxODExMzk3UkMwMzYyMDI2QTAwMTIucGRm
RC0362026A0011,,,https://cbi.gov.in/download/L2Fzc2V0cy9maWxlcy9maXIvODIzMDA3MzY1UkMwMzYyMDI2QTAwMTEucGRm
RC0292026A0005,,,https://cbi.gov.in/download/L2Fzc2V0cy9maWxlcy9maXIvNDEzNDYwMzAyUkMwMjkyMDI2QTAwMDUucGRm
RC0692026E0007,,,https://cbi.gov.in/download/L2Fzc2V0cy9maWxlcy9maXIvMTM3NDgxMTIzMkZJUiBJTiBSQzA3RTIwMjYucGRm
RC0692026E0006,,,https://cbi.gov.in/download/L2Fzc2V0cy9maWxlcy9maXIvNjYzMDU5NTU0RklSIElOIFJDMDZFMjAyNi5wZGY=
RC0692026E0005,,,https://cbi.gov.in/download/L2Fzc2V0cy9maWxlcy9maXIvMTQ1MDcyMTg1NEZJUiBJTiBSQzA1RTIwMjYucGRm
RC0692026E0004,,,https://cbi.gov.in/download/L2Fzc2V0cy9maWxlcy9maXIvMTE4NjIzNDYzMUZJUiBJTiBSQzA0RTIwMjYgKDIpLnBkZg==
RC0602026S0009,,,https://cbi.gov.in/download/L2Fzc2V0cy9maWxlcy9maXIvMzE5MjU3MTc0RklSIFJDMDYwMjAyNlMwMDA5LS5wZGY=
RC0962026S0009,,,https://cbi.gov.in/download/L2Fzc2V0cy9maWxlcy9maXIvMTY0Mjg1NTE1N1JDMDk2MjAyNlMwMDA5LnBkZg==
RC0682026E0008,,,https://cbi.gov.in/download/L2Fzc2V0cy9maWxlcy9maXIvMTQ1NDUxNDE5MVJDMDY4MjAyNkUwMDA4LnBkZg==
RC0052026A0020,,,https://cbi.gov.in/download/L2Fzc2V0cy9maWxlcy9maXIvMzgwMjYwODE0UkMwMDUyMDI2QTAwMjAucGRm
RC0052026A0019,,,https://cbi.gov.in/download/L2Fzc2V0cy9maWxlcy9maXIvMTY2MDgzNTZSQzAwNTIwMjZBMDAxOS5wZGY=
RC0742026E0006,,,https://cbi.gov.in/download/L2Fzc2V0cy9maWxlcy9maXIvMzU2NjY2NjRSQzA3NDIwMjZFMDAwNi5wZGY=
RC0742026E0005,,,https://cbi.gov.in/download/L2Fzc2V0cy9maWxlcy9maXIvMTIzNzA5MDYzOEZJUi0wNS0yMDI2LnBkZg==
RC0032026A0052,,,https://cbi.gov.in/download/L2Fzc2V0cy9maWxlcy9maXIvMTMwNzM3NDgwN1JDMDAzMjAyNkEwMDUyLnBkZg==
RC0032026A0051,,,https://cbi.gov.in/download/L2Fzc2V0cy9maWxlcy9maXIvOTQ3NjQxOTNSQzAwMzIwMjZBMDA1MS5wZGY=
RC0352026A0005,,,https://cbi.gov.in/download/L2Fzc2V0cy9maWxlcy9maXIvMTUzMDI2Mzc0NkZJUjAwMSAoNikucGRm
RC0172026A0007,,,https://cbi.gov.in/download/L2Fzc2V0cy9maWxlcy9maXIvMTc1ODE3MDQ3OEZJUiBpbiBSQzAxNzIwMjZBMDAwNy5wZGY=
RC0062026A0023,,,https://cbi.gov.in/download/L2Fzc2V0cy9maWxlcy9maXIvNDgzOTU2NzQ4UkMwMDYyMDI2QTAwMjMucGRm
RC0042026A0009,,,https://cbi.gov.in/download/L2Fzc2V0cy9maWxlcy9maXIvMTAxMTI2NjIyOFJDMDA0MjAyNkEwMDA5LnBkZg==
RC0032026A0050,,,https://cbi.gov.in/download/L2Fzc2V0cy9maWxlcy9maXIvMTA5MTA4NTQ1NlJDMDAzMjAyNkEwMDUwLnBkZg==
RC0032026A0049,,,https://cbi.gov.in/download/L2Fzc2V0cy9maWxlcy9maXIvOTE3Njk5MTE3UkMwMDMyMDI2QTAwNDkucGRm
RC0312026A0008,,,https://cbi.gov.in/download/L2Fzc2V0cy9maWxlcy9maXIvMjExODY3MDIyMEZJUiBSQzAzMTIwMjZBMDAwOC5wZGY=
RC0232026A0015,,,https://cbi.gov.in/download/L2Fzc2V0cy9maWxlcy9maXIvMTIzMjc3NTk0NFJDMTVBMjAyNiBOZXcucGRm
RC0082026A0014,,,https://cbi.gov.in/download/L2Fzc2V0cy9maWxlcy9maXIvMTM3Nzg5MzkzNFJDMTRBMjAyNi5wZGY=
RC0032026A0048,,,https://cbi.gov.in/download/L2Fzc2V0cy9maWxlcy9maXIvMTk1ODIzNzM5M1JDMDAzMjAyNkEwMDQ4LnBkZg==
RC0242026A0009,,,https://cbi.gov.in/download/L2Fzc2V0cy9maWxlcy9maXIvMTQxODYwMTA2MUZJUiBSQzAyNDIwMjZBMDAwOS5wZGY=
RC0032026A0047,,,https://cbi.gov.in/download/L2Fzc2V0cy9maWxlcy9maXIvMjcyNTA5NjEzUkMwMDMyMDI2QTAwNDcucGRm
RC0032026A0046,,,https://cbi.gov.in/download/L2Fzc2V0cy9maWxlcy9maXIvNTE1MDY4MzM3UkMwMDMyMDI2QTAwNDYucGRm
RC0032026A0045,,,https://cbi.gov.in/download/L2Fzc2V0cy9maWxlcy9maXIvMTI3ODE0MzcyMFJDMDAzMjAyNkEwMDQ1LnBkZg==
RC0032026A0044,,,https://cbi.gov.in/download/L2Fzc2V0cy9maWxlcy9maXIvMTQwNDU3OTE4UkMwMDMyMDI2QTAwNDQucGRm
RC0212026A0006,,,https://cbi.gov.in/download/L2Fzc2V0cy9maWxlcy9maXIvMzAzODk3NDU3Q0NPXzIwMjYwNzI0XzE5MzczNF8wMDAxLnBkZg==
RC0102026A0005,,,https://cbi.gov.in/download/L2Fzc2V0cy9maWxlcy9maXIvMTYzMzk3NDQ5OEZJUiAyNSA3IDI2LnBkZg==
RC0082026A0013,,,https://cbi.gov.in/download/L2Fzc2V0cy9maWxlcy9maXIvODU0NDE4NDQ5UkMgMTMgMjYucGRm
RC0052026A0018,,,https://cbi.gov.in/download/L2Fzc2V0cy9maWxlcy9maXIvMjA4ODU5NDUzN1JDMDA1MjAyNkEwMDE4LnBkZg==
RC2172026A0007,,,https://cbi.gov.in/download/L2Fzc2V0cy9maWxlcy9maXIvNDQxMzY2Nzk2UkMyMTcyMDI2QTAwMDdfRklSLnBkZg==
RC0062026A0022,,,https://cbi.gov.in/download/L2Fzc2V0cy9maWxlcy9maXIvNzA0MjY1ODQwUkMwMDYyMDI2QTAwMjIucGRm
RC0032026A0043,,,https://cbi.gov.in/download/L2Fzc2V0cy9maWxlcy9maXIvNDA0ODA4NjE5UkMwMDMyMDI2QTAwNDMucGRm
RC2182026A0013,,,https://cbi.gov.in/download/L2Fzc2V0cy9maWxlcy9maXIvNDgyNTQxODg1UkMyMTgyMDI2QTAwMTMucGRm
RC0262026A0016,,,https://cbi.gov.in/download/L2Fzc2V0cy9maWxlcy9maXIvODM4OTkyMTNSQzAyNjIwMjZBMDAxNiBwb3J0YWwucGRm
RC0232026A0014,,,https://cbi.gov.in/download/L2Fzc2V0cy9maWxlcy9maXIvMTY1OTQ3OTE3NFJDIDE0XzI2IEZJUiAoMikucGRm
RC0102026A0004,,,https://cbi.gov.in/download/L2Fzc2V0cy9maWxlcy9maXIvMTc2NDczMTU4N0ZJUiBvZiBSQzAxMDIwMjZBMDAwNC5wZGY=
RC0052026A0017,,,https://cbi.gov.in/download/L2Fzc2V0cy9maWxlcy9maXIvNjgxNTE4MDA5UkMwMDUyMDI2QTAwMTcucGRm
RC0032026A0042,,,https://cbi.gov.in/download/L2Fzc2V0cy9maWxlcy9maXIvMzU0MzcwOTQyUkMwMDMyMDI2QTAwNDIucGRm
RC0732026E0013,,,https://cbi.gov.in/download/L2Fzc2V0cy9maWxlcy9maXIvOTY0NDcwNTA0RklSIFJDMDczMjAyNkUwMDEzLW91dHB1dC5wZGY=
RC0302026A0010,,,https://cbi.gov.in/download/L2Fzc2V0cy9maWxlcy9maXIvNTE3MTQ1MDVSQzAzMDIwMjZBMDAxMC4ucGRm
RC0302026A0009,,,https://cbi.gov.in/download/L2Fzc2V0cy9maWxlcy9maXIvMTExMjI2MjA0UkMwMzAyMDI2QTAwMDkucGRm
RC0302026A0008,,,https://cbi.gov.in/download/L2Fzc2V0cy9maWxlcy9maXIvMTc5NjI1NjI1NlJDMDMwMjAyNkEwMDA4LnBkZg==
RC0072026A0006,,,https://cbi.gov.in/download/L2Fzc2V0cy9maWxlcy9maXIvMTA4MTQzNzk5NFJDMDA3MjAyNkEwMDA2X0Zpcl9WZXIyLnBkZg==
RC0072026A0005,,,https://cbi.gov.in/download/L2Fzc2V0cy9maWxlcy9maXIvOTczNjEyNDU3UkMwMDcyMDI2QTAwMDVfRmlyX1ZlcjIucGRm
RC0072026A0004,,,https://cbi.gov.in/download/L2Fzc2V0cy9maWxlcy9maXIvMjAwMDYzNTIzOVJDMDA3MjAyNkEwMDA0X0Zpcl9WZXIyLnBkZg==
RC0092026A0005,,,https://cbi.gov.in/download/L2Fzc2V0cy9maWxlcy9maXIvMTI0NzA3NzQ1MkZJUiBvZiBSQzAwOTIwMjZBMDAwNS5wZGY=
RC0322026A0012,,,https://cbi.gov.in/download/L2Fzc2V0cy9maWxlcy9maXIvMTY0Njk5NjY3MUZJUi0gUkMgMTIgMjAyNjAwMS5wZGY=
RC0032026A0041,,,https://cbi.gov.in/download/L2Fzc2V0cy9maWxlcy9maXIvMTYyMzAyNzcyNVJDMDAzMjAyNkEwMDQxLnBkZg==
RC2182026A0012,,,https://cbi.gov.in/download/L2Fzc2V0cy9maWxlcy9maXIvMTE0OTIyMzgzNFJDMjE4MjAyNkEwMDEyIEZpciBjb3B5LnBkZg==
RC2152026E0007,,,https://cbi.gov.in/download/L2Fzc2V0cy9maWxlcy9maXIvMTQxMDIxMzg2MVJDMjE1MjAyNkUwMDA3LnBkZg==
RC0682026E0007,,,https://cbi.gov.in/download/L2Fzc2V0cy9maWxlcy9maXIvNDcwMDYwNzM5UkMwNjgyMDI2RTAwMDcucGRm
RC0302026A0007,,,https://cbi.gov.in/download/L2Fzc2V0cy9maWxlcy9maXIvMTAyNzY2ODE2MlJDIDAzMCAyMDI2LUEtMDAwNy5wZGY=
RC0042026A0008,,,https://cbi.gov.in/download/L2Fzc2V0cy9maWxlcy9maXIvMTM3MDEzNDQzMFJDMDA0MjAyNkEwMDA4LnBkZg==
RC0562026S0002,,,https://cbi.gov.in/download/L2Fzc2V0cy9maWxlcy9maXIvMTE5MTE5NDEzOUZJUiAyUzIwMjYucGRm
RC0322026A0011,,,https://cbi.gov.in/download/L2Fzc2V0cy9maWxlcy9maXIvNzczMjk5NDEzRklSIFJDIDExIDIwMjYwMDEucGRm
RC0102026A0003,,,https://cbi.gov.in/download/L2Fzc2V0cy9maWxlcy9maXIvMjgwMTYzNjg2RklSICgxKS5wZGY=
RC0082026A0012,,,https://cbi.gov.in/download/L2Fzc2V0cy9maWxlcy9maXIvMTU0NTEyNDYxOVJDMTJBIDIwMjYucGRm
RC0032026A0040,,,https://cbi.gov.in/download/L2Fzc2V0cy9maWxlcy9maXIvMTYxOTI4MTIwN1JDMDAzMjAyNkEwMDQwLnBkZg==
RC0032026A0039,,,https://cbi.gov.in/download/L2Fzc2V0cy9maWxlcy9maXIvMjYyMzEwMzQ5UkMwMDMyMDI2QTAwMzkucGRm
RC0062026A0021,,,https://cbi.gov.in/download/L2Fzc2V0cy9maWxlcy9maXIvMTAxMTQ0MDA2MVJDMDA2MjAyNkEwMDIxLnBkZg==
RC0522026S0007,,,https://cbi.gov.in/download/L2Fzc2V0cy9maWxlcy9maXIvMTczMzA2MTYwN1JDLTA3KFMpLTIwMjYucGRm
RC0522026S0006,,,https://cbi.gov.in/download/L2Fzc2V0cy9maWxlcy9maXIvMTkwMjIyOTE1OVJDIDA2KFMpLTIwMjYucGRm
RC0732026E0012,,,https://cbi.gov.in/download/L2Fzc2V0cy9maWxlcy9maXIvNjkyODYxNzM4UkMwNzMyMDI2RTAwMTItb3V0cHV0LnBkZg==
RC0232026A0013,,,https://cbi.gov.in/download/L2Fzc2V0cy9maWxlcy9maXIvMTI5NTgwMjE2NUZJUjEzQTIwMjYtb2NyLnBkZg==
RC0042026A0007,,,https://cbi.gov.in/download/L2Fzc2V0cy9maWxlcy9maXIvMTQ5MzI5MzEzNlJDMDA0MjAyNkEwMDA3LnBkZg==
RC0772026E0005,,,https://cbi.gov.in/download/L2Fzc2V0cy9maWxlcy9maXIvODA1OTY1OTcwUkMwNzcyMDI2RTAwMDUucGRm
RC0682026E0006,,,https://cbi.gov.in/download/L2Fzc2V0cy9maWxlcy9maXIvMjE0Mzg4MjY4MlJDMDY4MjAyNkUwMDA2LnBkZg==
RC0372026A0009,,,https://cbi.gov.in/download/L2Fzc2V0cy9maWxlcy9maXIvNzkwNjY1ODczUkMwMzcyMDI2QTAwMDkucGRm
RC0232026A0012,,,https://cbi.gov.in/download/L2Fzc2V0cy9maWxlcy9maXIvMTczMTQ5ODE0NkZJUjEyQTIwMjYtb2NyLnBkZg==
RC0082026A0011,,,https://cbi.gov.in/download/L2Fzc2V0cy9maWxlcy9maXIvMTc0MDQ1MjAxNlJDMTFBMjAyNi5wZGY=
RC0052026A0016,,,https://cbi.gov.in/download/L2Fzc2V0cy9maWxlcy9maXIvMTc0NjI1MjUxOVJDMDA1MjAyNkEwMDE2LnBkZg==
RC1202026A0011,,,https://cbi.gov.in/download/L2Fzc2V0cy9maWxlcy9maXIvOTQ0NDAwODA5RklSIFJDMTFBMjAyNi5wZGY=
RC1202026A0010,,,https://cbi.gov.in/download/L2Fzc2V0cy9maWxlcy9maXIvMTk3MTA3NzMzM0ZJUiBSQzEwQTIwMjYucGRm
RC1202026A0009,,,https://cbi.gov.in/download/L2Fzc2V0cy9maWxlcy9maXIvMjAxNDExMDI4MEZJUiBSQzEyMDIwMjZBMDAwOS5wZGY=
RC1202026A0008,,,https://cbi.gov.in/download/L2Fzc2V0cy9maWxlcy9maXIvMTQzNDM1MDk5MUZJUiBSQzEyMDIwMjZBMDAwOC5wZGY=
RC0682026E0005,,,https://cbi.gov.in/download/L2Fzc2V0cy9maWxlcy9maXIvMTUzMjEzNTI5NFJDMDY4MjAyNkUwMDA1LnBkZg==
RC0582026S0008,,,https://cbi.gov.in/download/L2Fzc2V0cy9maWxlcy9maXIvMTAzNTMyNDc5NUZJUiBSQzhTMjAyNiA0IFBhZ2UucGRm
RC0512026S0002,,,https://cbi.gov.in/download/L2Fzc2V0cy9maWxlcy9maXIvMzk2Njg3MzkyUkMwNTEyMDI2UzAwMDIucGRm
RC0302026A0006,,,https://cbi.gov.in/download/L2Fzc2V0cy9maWxlcy9maXIvMjA1NzU4Nzg0NVJDMDMwMjAyNkEwMDA2LnBkZg==
RC0772026E0004,,,https://cbi.gov.in/download/L2Fzc2V0cy9maWxlcy9maXIvMTk5NjU1MTg3NVJDMDc3MjAyNkUwMDA0LnBkZg==
RC2182026A0011,,,https://cbi.gov.in/download/L2Fzc2V0cy9maWxlcy9maXIvNTQ2MDkzMTFSQzIxODIwMjZBMDAxMSAoMSkucGRm
RC0962026A0008,,,https://cbi.gov.in/download/L2Fzc2V0cy9maWxlcy9maXIvMTA5NTYxMzgwMVJDMDk2MjAyNkEwMDA4LnBkZg==
RC1232026A0012,,,https://cbi.gov.in/download/L2Fzc2V0cy9maWxlcy9maXIvNDQxOTgyNTRSQyAxMkEgMjAyNi5wZGY=
RC1232026A0011,,,https://cbi.gov.in/download/L2Fzc2V0cy9maWxlcy9maXIvMTQ5OTA2NzgwMlJDIDExQSAyMDI2LnBkZg==
RC1232026A0010,,,https://cbi.gov.in/download/L2Fzc2V0cy9maWxlcy9maXIvMTUxMTU1ODE0UkMgMTBBIDIwMjYucGRm
RC1232026A0009,,,https://cbi.gov.in/download/L2Fzc2V0cy9maWxlcy9maXIvMTg4NTU1NDc5MFJDIDlBIDIwMjYucGRm
RC0232026A0011,,,https://cbi.gov.in/download/L2Fzc2V0cy9maWxlcy9maXIvMTQ2OTc1MDQyMk5ldyBGSVIgUkMgMTFBLTAwMDI2LW9jci5wZGY=
RC0172026A0006,,,https://cbi.gov.in/download/L2Fzc2V0cy9maWxlcy9maXIvMzY0MTU0MTEyRklSIGluIFJDMDE3MjAyNkEwMDA2LnBkZg==
RC2162026A0006,,,https://cbi.gov.in/download/L2Fzc2V0cy9maWxlcy9maXIvNjA0Mjg1MDUwUkMyMTYyMDI2QTAwMDYucGRm
RC1222026A0009,,,https://cbi.gov.in/download/L2Fzc2V0cy9maWxlcy9maXIvMjE0MjM3MjE3N1JDMTIyMjAyNkEwMDA5LnBkZg==
RC0962026A0007,,,https://cbi.gov.in/download/L2Fzc2V0cy9maWxlcy9maXIvMTIyODcyOTkyNFJDMDk2MjAyNkEwMDA3LnBkZg==
RC0772026E0003,,,https://cbi.gov.in/download/L2Fzc2V0cy9maWxlcy9maXIvMTgyNTM2NzM3NFJDMDc3MjAyNkUwMDAzLnBkZg==
RC0602026S0008,,,https://cbi.gov.in/download/L2Fzc2V0cy9maWxlcy9maXIvMTAwMTY0NzYyNlJDMDYwMjAyNlMwMDA4LnBkZg==
RC0582026S0007,,,https://cbi.gov.in/download/L2Fzc2V0cy9maWxlcy9maXIvNDY1MDU2NzA4RklSIFJDN1MyMDI2LTEucGRm
RC0582026S0006,,,https://cbi.gov.in/download/L2Fzc2V0cy9maWxlcy9maXIvMjAxNjUxMDMwM0ZJUiBSQzZTMjAyNiA0IHBhZ2UucGRm
RC0292026A0004,,,https://cbi.gov.in/download/L2Fzc2V0cy9maWxlcy9maXIvNDUzMjQwNjcxUkMwMjkyMDI2QTAwMDQucGRm
RC0082026A0010,,,https://cbi.gov.in/download/L2Fzc2V0cy9maWxlcy9maXIvOTkwOTM5OTA2UkMxMEEgMjAyNi5wZGY=
RC0082026A0009,,,https://cbi.gov.in/download/L2Fzc2V0cy9maWxlcy9maXIvMTA0ODYzNTY4NVJDIDA5QSAyMDI2LnBkZg==
RC1222026A0008,,,https://cbi.gov.in/download/L2Fzc2V0cy9maWxlcy9maXIvMTE1NDgxMDU0M1JDMTIyMjAyNkEwMDA4LnBkZg==
RC1222026A0007,,,https://cbi.gov.in/download/L2Fzc2V0cy9maWxlcy9maXIvODMxNzQ0MTQwUkMxMjIyMDI2QTAwMDcucGRm
RC1222026A0006,,,https://cbi.gov.in/download/L2Fzc2V0cy9maWxlcy9maXIvMTA4ODMwMjEzNVJDMTIyMjAyNkEwMDA2LnBkZg==
RC1222026A0005,,,https://cbi.gov.in/download/L2Fzc2V0cy9maWxlcy9maXIvOTIwOTUxMDEzUkMxMjIyMDI2QTAwMDUucGRm
RC0282026A0006,,,https://cbi.gov.in/download/L2Fzc2V0cy9maWxlcy9maXIvODE4NzI1NTA1RklSIFJDMDI4MjAyNkEwMDA2LnBkZg==
RC0262026A0015,,,https://cbi.gov.in/download/L2Fzc2V0cy9maWxlcy9maXIvMjA5Mzc0MDgxOUZJUiBSQzAyNjIwMjZBMDAxNS5wZGY=
RC0262026A0014,,,https://cbi.gov.in/download/L2Fzc2V0cy9maWxlcy9maXIvNjA5MTAwOTIxRklSIFJDMDI2MjAyNkEwMDE0LnBkZg==
RC0262026A0013,,,https://cbi.gov.in/download/L2Fzc2V0cy9maWxlcy9maXIvMTA5MTIyMzY3NkZJUiBSQzAyNjIwMjZBMDAxMy5wZGY=
RC0262026A0012,,,https://cbi.gov.in/download/L2Fzc2V0cy9maWxlcy9maXIvNjU0ODQwNjk1RklSIFJDMDI2MjAyNkEwMDEyLnBkZg==
RC0072026A0003,,,https://cbi.gov.in/download/L2Fzc2V0cy9maWxlcy9maXIvOTgwNTE0MzkxRklSMDA3MjAyNkEwMDAzLnBkZg==
RC0362026A0010,,,https://cbi.gov.in/download/L2Fzc2V0cy9maWxlcy9maXIvMTUzMTg5MzgzOFJDMDM2MjAyNkEwMDEwLnBkZg==
RC1202026A0007,,,https://cbi.gov.in/download/L2Fzc2V0cy9maWxlcy9maXIvMTc0Mzk1MTczNlJDMTIwMjAyNkEwMDA3IEZJUi5wZGY=
RC1232026A0008,,,https://cbi.gov.in/download/L2Fzc2V0cy9maWxlcy9maXIvODM4OTM5NDA3RklSIGluIFJDIDA4QSAyMDI2LnBkZg==
RC0732026E0011,,,https://cbi.gov.in/download/L2Fzc2V0cy9maWxlcy9maXIvMTk3NzM1MjA3MEZJUiBpbiBSQzA3MzIwMjZFMDAxMS1vdXRwdXQucGRm
RC0592026A0013,,,https://cbi.gov.in/download/L2Fzc2V0cy9maWxlcy9maXIvMTU0MjA4MTMwNVJDMDU5MjAyNkEwMDEzLnBkZg==
RC1232026A0007,,,https://cbi.gov.in/download/L2Fzc2V0cy9maWxlcy9maXIvNzMzMjc4MDE0RnJlc2ggRklSIGluIFJDIDcgQSBvZiAyMDI2LnBkZg==
RC0602026S0007,,,https://cbi.gov.in/download/L2Fzc2V0cy9maWxlcy9maXIvMTU5Nzg0MDc1N1JDMDYwMjAyNlMwMDA3LW9jci5wZGY=
RC0602026S0006,,,https://cbi.gov.in/download/L2Fzc2V0cy9maWxlcy9maXIvOTU5OTEzOTk3UkMwNjAyMDI2UzAwMDYtb2NyLnBkZg==
RC0292026A0003,,,https://cbi.gov.in/download/L2Fzc2V0cy9maWxlcy9maXIvMTg3MDEwOTU1NFJDMDI5MjAyNkEwMDAzLnBkZg==
RC0242026A0008,,,https://cbi.gov.in/download/L2Fzc2V0cy9maWxlcy9maXIvMTg4MzYwMDgxMFJDMDI0MjAyNkEwMDA4LnBkZg==
RC0082026A0008,,,https://cbi.gov.in/download/L2Fzc2V0cy9maWxlcy9maXIvOTcyNzYzNzYxRklSIC5wZGY=
RC1232026A0006,,,https://cbi.gov.in/download/L2Fzc2V0cy9maWxlcy9maXIvMTk3NTM2Mzk5OEZJUiBOby4gNihBKSAyMDI2LnBkZg==
RC0602026S0005,,,https://cbi.gov.in/download/L2Fzc2V0cy9maWxlcy9maXIvNzY5NDY1NjE4UkMwNjAyMDI2UzAwMDUtb2NyLnBkZg==
RC0772026E0002,,,https://cbi.gov.in/download/L2Fzc2V0cy9maWxlcy9maXIvNjAxNDY3MTI2UkMwNzcyMDI2RTAwMDIucGRm
RC0602026S0004,,,https://cbi.gov.in/download/L2Fzc2V0cy9maWxlcy9maXIvMTMzOTQ4MjU3UkMwNjAyMDI2UzAwMDQtb2NyLnBkZg==
RC0292026A0002,,,https://cbi.gov.in/download/L2Fzc2V0cy9maWxlcy9maXIvNDUyNzIxOTNSQzAyOTIwMjZBMDAwMi5wZGY=
RC2152026E0006,,,https://cbi.gov.in/download/L2Fzc2V0cy9maWxlcy9maXIvMjEyOTEyNDUwMFJDMjE1MjAyNkUwMDA2LnBkZg==
RC2152026E0005,,,https://cbi.gov.in/download/L2Fzc2V0cy9maWxlcy9maXIvMTIxMzk3NzcxUkMyMTUyMDI2RTAwMDUucGRm
RC2152026E0004,,,https://cbi.gov.in/download/L2Fzc2V0cy9maWxlcy9maXIvMTMzODMwODk0N1JDMjE1MjAyNkUwMDA0LnBkZg==
RC0362026A0009,,,https://cbi.gov.in/download/L2Fzc2V0cy9maWxlcy9maXIvMTA1OTU4Nzg0NFJDMDM2MjAyNkEwMDA5LnBkZg==
RC0362026A0008,,,https://cbi.gov.in/download/L2Fzc2V0cy9maWxlcy9maXIvMTI5NjM3ODczNFJDMDM2MjAyNkEwMDA4LnBkZg==
RC0362026A0007,,,https://cbi.gov.in/download/L2Fzc2V0cy9maWxlcy9maXIvNzgwNTkzOTEwUkMwMzYyMDI2QTAwMDcucGRm
RC0282026A0005,,,https://cbi.gov.in/download/L2Fzc2V0cy9maWxlcy9maXIvMTQ5MTI2NjkzOEZJUiBSQzAyODIwMjZBMDAwNS5wZGY=
RC0032026A0038,,,https://cbi.gov.in/download/L2Fzc2V0cy9maWxlcy9maXIvNTYxODE3MjA0UkMwMDMyMDI2QTAwMzgucGRm
RC1232026A0005,,,https://cbi.gov.in/download/L2Fzc2V0cy9maWxlcy9maXIvNjY4MDY4MzgyU2NhbiBDb3B5IG9mIEZJUiA1QSAyMDI2LnBkZg==
RC0692026E0003,,,https://cbi.gov.in/download/L2Fzc2V0cy9maWxlcy9maXIvODM1NzE0OTcwRklSIElOIFJDMDNFMjAyNiAoMSkucGRm
RC0322026A0010,,,https://cbi.gov.in/download/L2Fzc2V0cy9maWxlcy9maXIvMTI2MTg2NDRGSVIgLSBSQyAxMCAyMDI2LnBkZg==
RC0322026A0009,,,https://cbi.gov.in/download/L2Fzc2V0cy9maWxlcy9maXIvMzU3MzM0ODcwUkMgMDkgMjAyNi1GSVIucGRm
RC0152026A0006,,,https://cbi.gov.in/download/L2Fzc2V0cy9maWxlcy9maXIvMTk2NjM0NTUyOEZJUiBSQy0wNihBKTIwMjYtQkJTLnBkZg==
RC0092026A0004,,,https://cbi.gov.in/download/L2Fzc2V0cy9maWxlcy9maXIvMjgxMjc5Njk2RklSIG9mIFJDMDA5MjAyNkEwMDA0LnBkZg==
RC0062026A0020,,,https://cbi.gov.in/download/L2Fzc2V0cy9maWxlcy9maXIvODc3NDg5NTM4UkMwMDYyMDI2QTAwMjAucGRm
RC0052026A0015,,,https://cbi.gov.in/download/L2Fzc2V0cy9maWxlcy9maXIvMTA4MzI5MzkxMVJDMDA1MjAyNkEwMDE1LnBkZg==
RC0062026A0019,,,https://cbi.gov.in/download/L2Fzc2V0cy9maWxlcy9maXIvMTg3MDc0MDk0MVJDMDA2MjAyNkEwMDE5LnBkZg==
RC0032026A0037,,,https://cbi.gov.in/download/L2Fzc2V0cy9maWxlcy9maXIvMTgzMDEyMDkzMVJDMDAzMjAyNkEwMDM3LnBkZg==
RC1222026A0004,,,https://cbi.gov.in/download/L2Fzc2V0cy9maWxlcy9maXIvMTc4NjYzMzU3M0ZJUiBSQzEyMjIwMjZBMDAwNC5wZGY=
RC0962026A0006,,,https://cbi.gov.in/download/L2Fzc2V0cy9maWxlcy9maXIvMzI3NzgzNjVSQzA5NjIwMjZBMDAwNi5wZGY=
RC0962026A0005,,,https://cbi.gov.in/download/L2Fzc2V0cy9maWxlcy9maXIvMTIxNzQ4NTI4NVJDMDk2MjAyNkEwMDAwNS5wZGY=
RC0962026A0004,,,https://cbi.gov.in/download/L2Fzc2V0cy9maWxlcy9maXIvNzUzNzI4MTE1UkMwOTYyMDI2QTAwMDQucGRm
RC0582026S0005,,,https://cbi.gov.in/download/L2Fzc2V0cy9maWxlcy9maXIvMTk4ODYzNjM5OVJDIDUgUyAyMDI2IEZJUi5wZGY=
RC2292026A0003,,,https://cbi.gov.in/download/L2Fzc2V0cy9maWxlcy9maXIvMTU2OTQwMjEyRklSIFJDIDMgb2YgMjAyNl8wMDAxLnBkZg==
RC2172026A0006,,,https://cbi.gov.in/download/L2Fzc2V0cy9maWxlcy9maXIvNjIxNDAyMzRSQzIxNzIwMjZBMDAwNl9PQ1IucGRm
RC0062026A0018,,,https://cbi.gov.in/download/L2Fzc2V0cy9maWxlcy9maXIvMTYyNzU4MDg3NVJDMDA2MjAyNkEwMDE4LnBkZg==
RC0032026A0036,,,https://cbi.gov.in/download/L2Fzc2V0cy9maWxlcy9maXIvNzUyMjkxMDcxUkMwMDMyMDI2QTAwMzYucGRm
RC0242026A0007,,,https://cbi.gov.in/download/L2Fzc2V0cy9maWxlcy9maXIvMjg5NzQyMTU3UkMwMjQyMDI2QTAwMDcucGRm
RC0322026A0008,,,https://cbi.gov.in/download/L2Fzc2V0cy9maWxlcy9maXIvMTU5NDc4MTkzOEZJUiAtIFJDMDMyIDIwMjYgQSAwMDA4LnBkZg==
RC00520260014,,,https://cbi.gov.in/download/L2Fzc2V0cy9maWxlcy9maXIvMTU5ODIzOTgwM1JDMDA1MjAyNkEwMDE0LnBkZg==
RC0582026S0004,,,https://cbi.gov.in/download/L2Fzc2V0cy9maWxlcy9maXIvOTY1OTI1ODlSQyA0IFMgMjAyNi5wZGY=
RC0502026S0004,,,https://cbi.gov.in/download/L2Fzc2V0cy9maWxlcy9maXIvNTc4NDQzNTgzRklSIE9GIFJDIDA1MDIwMjZTMDAwNC5wZGY=
RC0232026A0010,,,https://cbi.gov.in/download/L2Fzc2V0cy9maWxlcy9maXIvMzIxMDMzNDcwUkMxMC0wMDAyNi5wZGY=
RC0152026A0005,,,https://cbi.gov.in/download/L2Fzc2V0cy9maWxlcy9maXIvMTE3NTgwNzkyNkZJUiBSQy0wNShBKTIwMjYtQkJTLnBkZg==
RC0092026A0003,,,https://cbi.gov.in/download/L2Fzc2V0cy9maWxlcy9maXIvMTE0NjY5NjM2NUZJUiBvZiBSQzAwOTIwMjZBMDAwMy5wZGY=
RC0032026A0035,,,https://cbi.gov.in/download/L2Fzc2V0cy9maWxlcy9maXIvNTc2MDYwODAxUkMwMDMyMDI2QTAwMzUucGRm
RC2182026A0010,,,https://cbi.gov.in/download/L2Fzc2V0cy9maWxlcy9maXIvMTY0NjQ5OTY5OFJDMjE4MjAyNkEwMDEwLnBkZg==
RC0152026A0004,,,https://cbi.gov.in/download/L2Fzc2V0cy9maWxlcy9maXIvMzgxMzMwNzE5RklSIGluIFJDMDQoQSkyMDI2LUJCUy5wZGY=
RC0082026A0007,,,https://cbi.gov.in/download/L2Fzc2V0cy9maWxlcy9maXIvMTA4MDQ1Njk1UkMgMDdBIDIwMjYucGRm
RC0062026A0017,,,https://cbi.gov.in/download/L2Fzc2V0cy9maWxlcy9maXIvMjA3NDA1ODk3N1JDMDA2MjAyNkEwMDE3LnBkZg==
RC0062026A0016,,,https://cbi.gov.in/download/L2Fzc2V0cy9maWxlcy9maXIvMjIwMzMzNzI2UkMwMDYyMDI2QTAwMTYucGRm
RC0962026A0003,,,https://cbi.gov.in/download/L2Fzc2V0cy9maWxlcy9maXIvMTUxNTcwMDUxM1JDMDk2MjAyNkEwMDAzLnBkZg==
RC0052026A0013,,,https://cbi.gov.in/download/L2Fzc2V0cy9maWxlcy9maXIvMTQyODY2Njk4M1JDMDA1MjAyNkEwMDEzLnBkZg==
RC1232026A0004,,,https://cbi.gov.in/download/L2Fzc2V0cy9maWxlcy9maXIvMTUwMTE5ODA5NUZJUiBObyA0QSkgb2YgMjAyNiBEb1IgMXN0IG9mIEp1bmUgMjAyNi5wZGY=
RC0962026A0002,,,https://cbi.gov.in/download/L2Fzc2V0cy9maWxlcy9maXIvNzkwMjg4MTM0UkMwOTYyMDI2QTAwMDIucGRm
RC0252026A0007,,,https://cbi.gov.in/download/L2Fzc2V0cy9maWxlcy9maXIvNjQ2NjkzOTQ0RklSIFJDNy0yNi1ELnBkZg==
RC0262026A0011,,,https://cbi.gov.in/download/L2Fzc2V0cy9maWxlcy9maXIvODMyNTYwNDAyRklSIFJDMDI2MjAyNkEwMDExLnBkZg==
RC1202026A0006,,,https://cbi.gov.in/download/L2Fzc2V0cy9maWxlcy9maXIvMTU0NjY5NzQ2OEZJUiBSQzEyMDIwMjZBMDAwNi5wZGY=
RC0482026S0004,,,https://cbi.gov.in/download/L2Fzc2V0cy9maWxlcy9maXIvMTY0NDcyOTk0RklSIFJDMDQ4MjAyNlMwMDA0LnBkZg==
RC0682026E0004,,,https://cbi.gov.in/download/L2Fzc2V0cy9maWxlcy9maXIvMTYyNTI0NjE1OUZJUiBSQzA2ODIwMjZFMDAwNC5wZGY=
RC0682026E0003,,,https://cbi.gov.in/download/L2Fzc2V0cy9maWxlcy9maXIvMTgyMTE2MTg5NUZJUiBSQzA2ODIwMjZFMDAwMy5wZGY=
RC0602026S0003,,,https://cbi.gov.in/download/L2Fzc2V0cy9maWxlcy9maXIvNjY5NjkwMjY4UkMwNjAyMDI2UzAwMDMucGRm
RC0522026S0004,,,https://cbi.gov.in/download/L2Fzc2V0cy9maWxlcy9maXIvNzE0NTg3MDM3RklSIE5vIDA0KFMpMjAyNi5wZGY=
RC0042026A0006,,,https://cbi.gov.in/download/L2Fzc2V0cy9maWxlcy9maXIvMjAyNjQ0MDI0MFJDMDA0MjAyNkEwMDA2LnBkZg==
RC0082026S0006,,,https://cbi.gov.in/download/L2Fzc2V0cy9maWxlcy9maXIvMjA3MDQwNTcyNUZJUiBDb3B5IFJDMDA4MjAyNlMwMDA2LnBkZg==
RC2182026A0009,,,https://cbi.gov.in/download/L2Fzc2V0cy9maWxlcy9maXIvMTU4MzAyMDQzOVJDMjE4MjAyNkEwMDA5LnBkZg==
RC0032026A0034,,,https://cbi.gov.in/download/L2Fzc2V0cy9maWxlcy9maXIvNTU4Njk4NDIwUkMwMDMyMDI2QTAwMzQucGRm
RC0252026A0006,,,https://cbi.gov.in/download/L2Fzc2V0cy9maWxlcy9maXIvMTQxNDg1Njk3MkZJUiBSQyAwNi0yNi1ELnBkZg==
RC0032026A0033,,,https://cbi.gov.in/download/L2Fzc2V0cy9maWxlcy9maXIvMTc4NjYwMTkzNVJDMDAzMjAyNkEwMDMzLnBkZg==
RC0592026A0012,,,https://cbi.gov.in/download/L2Fzc2V0cy9maWxlcy9maXIvMjE3ODAwNjUyUkMwNTkyMDI2QTAwMTIucGRm
RC2172026A0005,,,https://cbi.gov.in/download/L2Fzc2V0cy9maWxlcy9maXIvMTUyMzczNjc2NUZJUiBSQzIxNzIwMjZBMDAwNSBmb3IgdXBsb2FkaW5nIEZJUi5wZGY=
RC2152026E0003,,,https://cbi.gov.in/download/L2Fzc2V0cy9maWxlcy9maXIvMzczNDIyNzA4UkNCU0syMDI2RTAwMDMucGRm
RC2152026E0002,,,https://cbi.gov.in/download/L2Fzc2V0cy9maWxlcy9maXIvODI0MTczODAyUkNCU0syMDI2RTAwMDIucGRm
RC0062026A0015,,,https://cbi.gov.in/download/L2Fzc2V0cy9maWxlcy9maXIvNTY1MDEwNDEzUkMwMDYyMDI2QTAwMTUucGRm
RC0032026A0032,,,https://cbi.gov.in/download/L2Fzc2V0cy9maWxlcy9maXIvMTUyNzg5NzY1UkMwMDMyMDI2QTAwMzIucGRm
RC0312026S0007,,,https://cbi.gov.in/download/L2Fzc2V0cy9maWxlcy9maXIvNDgxNTc4Nzc2UkMwMzEyMDI2UzAwMDcucGRm
RC0032026A0031,,,https://cbi.gov.in/download/L2Fzc2V0cy9maWxlcy9maXIvMTEzNTg2MTQ1NVJDMDAzMjAyNkEwMDMxLnBkZg==
RC1242026A0005,,,https://cbi.gov.in/download/L2Fzc2V0cy9maWxlcy9maXIvMTkzMTIzMDQ2RklSIFJDMTI0MjAyNkEwMDA1LnBkZg==
RC0602026S0002,,,https://cbi.gov.in/download/L2Fzc2V0cy9maWxlcy9maXIvNzc5NzAwNTA4UkMwNjAyMDI2UzAwMDIucGRm
RC0592026A0011,,,https://cbi.gov.in/download/L2Fzc2V0cy9maWxlcy9maXIvMTg3NjAxOTFSQzA1OTIwMjZBMDAxMS5wZGY=
RC0332026A0004,,,https://cbi.gov.in/download/L2Fzc2V0cy9maWxlcy9maXIvMTE5ODgzMDQxOU9DUiBTY2FubmVkIGNvcHkgb2YgRklSIGluIFJDIDA0IEEgMjAyNl8ucGRm
RC0032026A0030,,,https://cbi.gov.in/download/L2Fzc2V0cy9maWxlcy9maXIvMTU0MDA5MzM5UkMwMDMyMDI2QTAwMzAucGRm
RC0692026E0002,,,https://cbi.gov.in/download/L2Fzc2V0cy9maWxlcy9maXIvMzY1NDAxNDY2RklSICBpbiBSQzA2OTIwMjZFMDAwMi5wZGY=
RC0482026S0003,,,https://cbi.gov.in/download/L2Fzc2V0cy9maWxlcy9maXIvMzkyODg1MTQ4RklSIFJDMDQ4MjAyNlMwMDAzLnBkZg==
RC0042026S0005,,,https://cbi.gov.in/download/L2Fzc2V0cy9maWxlcy9maXIvMzYxMjE4MzM2UkMwMDQyMDI2UzAwMDUucGRm
RC0582026S0003,,,https://cbi.gov.in/download/L2Fzc2V0cy9maWxlcy9maXIvODYwMjIwM1JDIDMgUyAyMDI2IEZJUi5wZGY=
RC0102026S0002,,,https://cbi.gov.in/download/L2Fzc2V0cy9maWxlcy9maXIvNDkzNzc4ODU0RG9jMjIzOC5wZGY=
RC0692026E0001,,,https://cbi.gov.in/download/L2Fzc2V0cy9maWxlcy9maXIvODc3NzI5NDg3RklSIGluIFJDMDY5MjAyNkUwMDAxLnBkZg==
RC0062026A0014,,,https://cbi.gov.in/download/L2Fzc2V0cy9maWxlcy9maXIvOTg5OTk1ODA4UkMwMDYyMDI2QTAwMTQucGRm
RC0052026A0012,,,https://cbi.gov.in/download/L2Fzc2V0cy9maWxlcy9maXIvMTE1Mzk1NzY0OFJDMDA1MjAyNkEwMDEyLnBkZg==
RC0212026A0005,,,https://cbi.gov.in/download/L2Fzc2V0cy9maWxlcy9maXIvMTg4NTUyNzA5NUZJUiAwMjEyMDI2QTAwMDUucGRm
RC1242026A0004,,,https://cbi.gov.in/download/L2Fzc2V0cy9maWxlcy9maXIvNzgzMTQ4MTI2RklSIFJDIDEyNDIwMjZBMDAwNC5wZGY=
RC0152026A0003,,,https://cbi.gov.in/download/L2Fzc2V0cy9maWxlcy9maXIvNDI5NjM1Mjk2RklSIGluIFJDMDMoQSkyMDI2LUJCUy5wZGY=
RC0352026A0004,,,https://cbi.gov.in/download/L2Fzc2V0cy9maWxlcy9maXIvMTY0NDI2MTQxM0ZJUjAwMSAoMykucGRm
RC1202026A0005,,,https://cbi.gov.in/download/L2Fzc2V0cy9maWxlcy9maXIvMTExMzg0MDM5MUZJUiBSQzEyMDIwMjZBMDAwNS5wZGY=
RC0072026A0002,,,https://cbi.gov.in/download/L2Fzc2V0cy9maWxlcy9maXIvNDc1ODEyNTg5RklSIFJDMDA3MjAyNkEwMDAyLnBkZg==
RC0232026A0009,,,https://cbi.gov.in/download/L2Fzc2V0cy9maWxlcy9maXIvMjM5Njc0NjExRklSMDktMDAwMjYucGRm
RC2212026E0009,,,https://cbi.gov.in/download/L2Fzc2V0cy9maWxlcy9maXIvMTI2OTIzMTI2MEZJUiBSQzIyMTIwMjZFMDAwOS5wZGY=
RC2212026E0008,,,https://cbi.gov.in/download/L2Fzc2V0cy9maWxlcy9maXIvMTAxNjk1MDM5NUZJUiBSQzIyMTIwMjZFMDAwOC5wZGY=
RC0592026A0010,,,https://cbi.gov.in/download/L2Fzc2V0cy9maWxlcy9maXIvMTE0NDc5MjUxM1JDMDU5MjAyNkEwMDEwLnBkZg==
RC0032026A0029,,,https://cbi.gov.in/download/L2Fzc2V0cy9maWxlcy9maXIvMTc0OTAzNDM0M1JDMDAzMjAyNkEwMDI5LnBkZg==
RC2182026A0008,,,https://cbi.gov.in/download/L2Fzc2V0cy9maWxlcy9maXIvMTk4NTg5NzA3NVJDMjE4MjAyNkEwMDA4LnBkZg==
RC2162026A0005,,,https://cbi.gov.in/download/L2Fzc2V0cy9maWxlcy9maXIvNjQ2MTQyMTEyUkMyMTYyMDI2QTAwMDUucGRm
RC1202026A0004,,,https://cbi.gov.in/download/L2Fzc2V0cy9maWxlcy9maXIvMTQxNjUyMTQzMFJDMTIwMjAyNkEwMDA0LnBkZg==
RC0062026A0013,,,https://cbi.gov.in/download/L2Fzc2V0cy9maWxlcy9maXIvMTkwMDQwMzU4MFJDMDA2MjAyNkEwMDEzLnBkZg==
RC0052026A0011,,,https://cbi.gov.in/download/L2Fzc2V0cy9maWxlcy9maXIvNzM1OTc1ODMzUkMwMDUyMDI2QTAwMTEucGRm
RC0052026A0010,,,https://cbi.gov.in/download/L2Fzc2V0cy9maWxlcy9maXIvNTQ1NTczMTExUkMwMDUyMDI2QTAwMTAucGRm
RC2212026E0007,,,https://cbi.gov.in/download/L2Fzc2V0cy9maWxlcy9maXIvMjEwNTE2MjIxNlJDMjIxMjAyNkUwMDA3LnBkZg==
RC0262026A0010,,,https://cbi.gov.in/download/L2Fzc2V0cy9maWxlcy9maXIvNTQwMDE2OTUyRklSIFJDMDI2MjAyNkEwMDEwLnBkZg==
RC0582026S0002,,,https://cbi.gov.in/download/L2Fzc2V0cy9maWxlcy9maXIvMTUwNDIzMTQ5NVJDMDU4MjAyNlMwMDAyX0Zpcl9WZXIyICgyKS5wZGY=
RC0362026A0006,,,https://cbi.gov.in/download/L2Fzc2V0cy9maWxlcy9maXIvMTMyMjI4MzQyN1JDMDM2MjAyNkEwMDA2LnBkZg==
RC0262026A0009,,,https://cbi.gov.in/download/L2Fzc2V0cy9maWxlcy9maXIvNjUxNzQyMjEwRklSIFJDMDI2MjAyNkEwMDA5LnBkZg==
RC0032026A0028,,,https://cbi.gov.in/download/L2Fzc2V0cy9maWxlcy9maXIvNTg0NzA5MjA0UkMwMDMyMDI2QTAwMjggLnBkZg==
RC2182026A0007,,,https://cbi.gov.in/download/L2Fzc2V0cy9maWxlcy9maXIvMTMyNTgyNDg2M1NjYW4gY29weSBvZiBSQzIxODIwMjZBMDAwNy5wZGY=
RC0242026A0006,,,https://cbi.gov.in/download/L2Fzc2V0cy9maWxlcy9maXIvMTUyNDUyMjQ5NEZJUi1SQzAyNDIwMjZBMDAwNi5wZGY=
RC0032026A0027,,,https://cbi.gov.in/download/L2Fzc2V0cy9maWxlcy9maXIvNTEwNjI0ODc2UkMwMDMyMDI2QTAwMjcgLnBkZg==
RC1222026A0003,,,https://cbi.gov.in/download/L2Fzc2V0cy9maWxlcy9maXIvMTQ5ODYxNDUyNFJDMTIyMjAyNkEwMDAzLnBkZg==
RC0032026A0026,,,https://cbi.gov.in/download/L2Fzc2V0cy9maWxlcy9maXIvOTE2MTY1MjM5UkMwMDMyMDI2QTAwMjYucGRm
RC0592026A0009,,,https://cbi.gov.in/download/L2Fzc2V0cy9maWxlcy9maXIvMjMwNjM1MDg2UkMwNTkyMDI2QTAwMDkucGRm
RC0372026A0008,,,https://cbi.gov.in/download/L2Fzc2V0cy9maWxlcy9maXIvMTg4MTc1NDcyNlJDMDM3MjAyNkEwMDA4LnBkZg==
RC0372026A0007,,,https://cbi.gov.in/download/L2Fzc2V0cy9maWxlcy9maXIvMjAxMDExMzE4OFJDMDM3MjAyNkEwMDA3LnBkZg==
RC2172026A0004,,,https://cbi.gov.in/download/L2Fzc2V0cy9maWxlcy9maXIvMTE2ODY5NDk2NlJDMjE3MjAyNkEwMDA0LnBkZg==
RC0362026A0005,,,https://cbi.gov.in/download/L2Fzc2V0cy9maWxlcy9maXIvMTE4MjU4MTgzNVJDMDM2MjAyNkEwMDA1LnBkZg==
RC0732026E0010,,,https://cbi.gov.in/download/L2Fzc2V0cy9maWxlcy9maXIvMTg1MDc4NzgzN0ZJUiBpbiBSQzA3MzIwMjZFMDAxMC1jb21wcmVzc2VkLW91dHB1dC5wZGY=
RC0482026S0002,,,https://cbi.gov.in/download/L2Fzc2V0cy9maWxlcy9maXIvNzA2NDc0NTg4UkMwNDgyMDI2UzAwMDIucGRm
RC0372026A0006,,,https://cbi.gov.in/download/L2Fzc2V0cy9maWxlcy9maXIvMjA0ODYxNzY1MFJDMDM3MjAyNkEwMDA2LlBERg==
RC0322026A0007,,,https://cbi.gov.in/download/L2Fzc2V0cy9maWxlcy9maXIvMjkyNjkxNTUyRklSIC0gUkMgMDcgMjAyNi5wZGY=
RC0322026A0006,,,https://cbi.gov.in/download/L2Fzc2V0cy9maWxlcy9maXIvODEwNzkyNDgxRklSIC0gUkMgMDYgMjAyNi5wZGY=
RC0312026A0006,,,https://cbi.gov.in/download/L2Fzc2V0cy9maWxlcy9maXIvMTM1ODk4NjM5N1JDMDMxMjAyNkEwMDA2LnBkZg==
RC0302026A0005,,,https://cbi.gov.in/download/L2Fzc2V0cy9maWxlcy9maXIvMTU4OTA4NTQzM1JDMDMwMjAyNkEwMDA1LnBkZg==
RC0302026A0004,,,https://cbi.gov.in/download/L2Fzc2V0cy9maWxlcy9maXIvMzM3NDc5ODg3UkMwMzAyMDI2QTAwMDQucGRm
RC0302026A0003,,,https://cbi.gov.in/download/L2Fzc2V0cy9maWxlcy9maXIvMTc4OTk4MjAxM1JDMDMwMjAyNkEwMDAzLnBkZg==
RC0052026A0009,,,https://cbi.gov.in/download/L2Fzc2V0cy9maWxlcy9maXIvMTc2MTU2NDcxNFJDMDA1MjAyNkEwMDA5LnBkZg==
RC0032026A0025,,,https://cbi.gov.in/download/L2Fzc2V0cy9maWxlcy9maXIvMTM4OTU5NzA3MVJDMDAzMjAyNkEwMDI1LnBkZg==
RC0032026A0024,,,https://cbi.gov.in/download/L2Fzc2V0cy9maWxlcy9maXIvMTM1NDg3Mzg5NFJDMDAzMjAyNkEwMDI0LnBkZg==
RC0032026A0023,,,https://cbi.gov.in/download/L2Fzc2V0cy9maWxlcy9maXIvMTIzMzYzODgzMFJDMDAzMjAyNkEwMDIzLnBkZg==
RC0732026E0009,,,https://cbi.gov.in/download/L2Fzc2V0cy9maWxlcy9maXIvMjEyNTA0MDc1M0ZJUiBpbiAgUkMwNzMyMDI2RTAwMDlfY29tcHJlc3NlZC1vdXRwdXQucGRm
RC0592026A0008,,,https://cbi.gov.in/download/L2Fzc2V0cy9maWxlcy9maXIvMTMzMjY4NTIxN1JDMDU5MjAyNkEwMDA4LnBkZg==
RC0252026A0005,,,https://cbi.gov.in/download/L2Fzc2V0cy9maWxlcy9maXIvMTUzNDYxNDc0NEZJUiBpbiBSQyAwNShBKS0yNi1ELnBkZg==
RC0732026E0008,,,https://cbi.gov.in/download/L2Fzc2V0cy9maWxlcy9maXIvNTkxNDE2NjU2RklSIGluIFJDMDczMjAyNkUwMDA4X2NvbXByZXNzZWQtb3V0cHV0LnBkZg==
RC0362026A0004,,,https://cbi.gov.in/download/L2Fzc2V0cy9maWxlcy9maXIvMTg0NzE3NzAyOVJDMDM2MjAyNkEwMDA0LnBkZg==
RC0052026A0008,,,https://cbi.gov.in/download/L2Fzc2V0cy9maWxlcy9maXIvMTA5Mjc1MTk3OFJDMDA1MjAyNkEwMDA4LnBkZg==
RC0362026A0003,,,https://cbi.gov.in/download/L2Fzc2V0cy9maWxlcy9maXIvMTA0OTM2NTc1MFJDMDM2MjAyNkEwMDAzLnBkZg==
RC0322026A0005,,,https://cbi.gov.in/download/L2Fzc2V0cy9maWxlcy9maXIvMjk0MTA4MjNGSVIgaW4gUkMgMDUgb2YgMjAyNi5wZGY=
RC2192026E0013,,,https://cbi.gov.in/download/L2Fzc2V0cy9maWxlcy9maXIvODI0Mzk1NzQxUkMyMTkyMDI2RTAwMTMucGRm
RC2192026E0012,,,https://cbi.gov.in/download/L2Fzc2V0cy9maWxlcy9maXIvMjA5NTI4NDdSQzIxOTIwMjZFMDAxMi5wZGY=
RC2192026E0011,,,https://cbi.gov.in/download/L2Fzc2V0cy9maWxlcy9maXIvMzk2NzY5ODE5UkMyMTkyMDI2RTAwMTEucGRm
RC0082026S0005,,,https://cbi.gov.in/download/L2Fzc2V0cy9maWxlcy9maXIvMjkwMTU4MTA0UkMwMDgyMDI2UzAwMDUucGRm
RC0312026A0005,,,https://cbi.gov.in/download/L2Fzc2V0cy9maWxlcy9maXIvMTA0NzAxNjYwM1JDMDMxMjAyNkEwMDA1LnBkZg==
RC0262026A0008,,,https://cbi.gov.in/download/L2Fzc2V0cy9maWxlcy9maXIvMzcwMTMxNDk3RlJJIFJDMDI2MjAyNkEwMDA4LnBkZg==
RC0262026A0007,,,https://cbi.gov.in/download/L2Fzc2V0cy9maWxlcy9maXIvNjk3ODYyMDczRklSIFJDMDI2MjAyNkEwMDA3LnBkZg==
RC0232026A0008,,,https://cbi.gov.in/download/L2Fzc2V0cy9maWxlcy9maXIvMTU3ODA4MTAyMFJDMDgtMDIwMjYucGRm
RC0262026A0006,,,https://cbi.gov.in/download/L2Fzc2V0cy9maWxlcy9maXIvMjIwMDY1OTgyRklSIFJDMDI2MjAyNkEwMDA2LnBkZg==
RC2212026E0005,,,https://cbi.gov.in/download/L2Fzc2V0cy9maWxlcy9maXIvMTQ5MDg3MzQ1MFJDMjIxMjAyNkUwMDA1LnBkZg==
RC2202026E0010,,,https://cbi.gov.in/download/L2Fzc2V0cy9maWxlcy9maXIvNTA2Njg0Nzg1UkMyMjAyMDI2RTAwMTBfRmlyX1ZlcjIucGRm
RC2202026E0009,,,https://cbi.gov.in/download/L2Fzc2V0cy9maWxlcy9maXIvMTkzOTIxMTIzN1JDMjIwMjAyNkUwMDA5X0Zpcl9WZXIzLnBkZg==
RC2202026E0008,,,https://cbi.gov.in/download/L2Fzc2V0cy9maWxlcy9maXIvMTU2OTQwNTAyMVJDMjIwMjAyNkUwMDA4X0Zpcl9WZXIzLnBkZg==
RC2202026E0007,,,https://cbi.gov.in/download/L2Fzc2V0cy9maWxlcy9maXIvMTY1MzQ4MDkwN1JDMjIwMjAyNkUwMDA3X0Zpcl9WZXIzLnBkZg==
RC2202026E0006,,,https://cbi.gov.in/download/L2Fzc2V0cy9maWxlcy9maXIvNDE0NDU3NzUxUkMyMjAyMDI2RTAwMDZfRmlyX1ZlcjMucGRm
RC2202026E0005,,,https://cbi.gov.in/download/L2Fzc2V0cy9maWxlcy9maXIvNjI3NTg3MjI3UkMyMjAyMDI2RTAwMDVfRmlyX1ZlcjMucGRm
RC2192026E0010,,,https://cbi.gov.in/download/L2Fzc2V0cy9maWxlcy9maXIvMTkwMzM0NDM3MlJDMjE5MjAyNkUwMDEwLnBkZg==
RC2192026E0009,,,https://cbi.gov.in/download/L2Fzc2V0cy9maWxlcy9maXIvMTQ0NjM5NTEzNlJDMjE5MjAyNkUwMDA5LnBkZg==
RC2192026E0008,,,https://cbi.gov.in/download/L2Fzc2V0cy9maWxlcy9maXIvOTQ5OTMxNDI2UkMyMTkyMDI2RTAwMDgucGRm
RC2192026E0007,,,https://cbi.gov.in/download/L2Fzc2V0cy9maWxlcy9maXIvMjEwMDUyNDYzMVJDMjE5MjAyNkUwMDA3LnBkZg==
RC2192026E0006,,,https://cbi.gov.in/download/L2Fzc2V0cy9maWxlcy9maXIvNTg0MTYzNTAzUkMyMTkyMDI2RTAwMDYucGRm
RC2192026E0005,,,https://cbi.gov.in/download/L2Fzc2V0cy9maWxlcy9maXIvMTI3ODczODAyMVJDMjE5MjAyNkUwMDA1LnBkZg==
RC2192026E0004,,,https://cbi.gov.in/download/L2Fzc2V0cy9maWxlcy9maXIvOTQ0ODc5MTY0UkMyMTkyMDI2RTAwMDQucGRm
RC2192026E0003,,,https://cbi.gov.in/download/L2Fzc2V0cy9maWxlcy9maXIvNTMyMDkzNDcxUkMyMTkyMDI2RTAwMDMucGRm
RC2192026E0002,,,https://cbi.gov.in/download/L2Fzc2V0cy9maWxlcy9maXIvMTA2Njc3ODgzNVJDMjE5MjAyNkUwMDAyLnBkZg==
RC2192026E0001,,,https://cbi.gov.in/download/L2Fzc2V0cy9maWxlcy9maXIvMTU2MzYwNzI2M1JDMjE5MjAyNkUwMDAxLnBkZg==
RC2162026A0004,,,https://cbi.gov.in/download/L2Fzc2V0cy9maWxlcy9maXIvOTg2MTIwNjk5UkMyMTYyMDI2QTAwMDQucGRm
RC2202026E0004,,,https://cbi.gov.in/download/L2Fzc2V0cy9maWxlcy9maXIvMTA0OTQ1OTgxNFJDMjIwMjAyNkUwMDA0X0Zpcl9WZXIzLnBkZg==
RC2202026E0003,,,https://cbi.gov.in/download/L2Fzc2V0cy9maWxlcy9maXIvMTczMzU5MjEyNlJDMjIwMjAyNkUwMDAzX0Zpcl9WZXIyLnBkZg==
RC2202026E0002,,,https://cbi.gov.in/download/L2Fzc2V0cy9maWxlcy9maXIvMTMxODE2Njk3MVJDMjIwMjAyNkUwMDAyX0Zpcl9WZXI1LnBkZg==
RC0322026A0004,,,https://cbi.gov.in/download/L2Fzc2V0cy9maWxlcy9maXIvMTIzODc5NjkzNkZJUiBpbiBSQyAwNCAyMDI2LnBkZg==
RC0152026A0002,,,https://cbi.gov.in/download/L2Fzc2V0cy9maWxlcy9maXIvMzQzMDMwNzM2RklSIFJDIDAyIEEgMjAyNi5wZGY=
RC0032026A0022,,,https://cbi.gov.in/download/L2Fzc2V0cy9maWxlcy9maXIvNTI3MzE0MTY1UkMwMDMyMDI2QTAwMjIucGRm
RC0282026A0004,,,https://cbi.gov.in/download/L2Fzc2V0cy9maWxlcy9maXIvMTA0ODc1NzQwNUZJUiBSQzAyODIwMjZBMDAwNC5wZGY=
RC0062026A0012,,,https://cbi.gov.in/download/L2Fzc2V0cy9maWxlcy9maXIvMTYxNDk5NTk4N1JDMDA2MjAyNkEwMDEyLnBkZg==
RC0032026A0021,,,https://cbi.gov.in/download/L2Fzc2V0cy9maWxlcy9maXIvMTc1MTUyNzAyNFJDMDAzMjAyNkEwMDIxLnBkZg==
RC0042026A0004,,,https://cbi.gov.in/download/L2Fzc2V0cy9maWxlcy9maXIvODYzMjM0MjU4UkMwMDQyMDI2QTAwMDQucGRm
RC0032026A0020,,,https://cbi.gov.in/download/L2Fzc2V0cy9maWxlcy9maXIvMzQ5MjU1MDEyUkMwMDMyMDI2QTAwMjAucGRm
RC0682026E0002,,,https://cbi.gov.in/download/L2Fzc2V0cy9maWxlcy9maXIvMTQ3OTMxMjg5MkZJUiBSQzA2ODIwMjZFMDAwMi5wZGY=
RC0742026E0004,,,https://cbi.gov.in/download/L2Fzc2V0cy9maWxlcy9maXIvMTg0OTMxMzY4OEZJUiAwNC0yMDI2XzAwMDEucGRm
RC0062026A0011,,,https://cbi.gov.in/download/L2Fzc2V0cy9maWxlcy9maXIvODYyMDAyNzk5UkMwMDYyMDI2QTAwMTEucGRm
RC0032026A0019,,,https://cbi.gov.in/download/L2Fzc2V0cy9maWxlcy9maXIvMTE5OTU5NDEwNVJDMDAzMjAyNkEwMDE5LnBkZg==
RC2292026A0002,,,https://cbi.gov.in/download/L2Fzc2V0cy9maWxlcy9maXIvMTE5NTMyODg2OEZJUl8wMDAxLnBkZg==
RC1232026A0003,,,https://cbi.gov.in/download/L2Fzc2V0cy9maWxlcy9maXIvMTczMjEzMjgzOVNjYW5uZWQgQ29weSBvZiBGSVIgYmVhcmluZyAgTm8gUkMgMyhBKSAyMDI2LnBkZg==
RC0152026A0001,,,https://cbi.gov.in/download/L2Fzc2V0cy9maWxlcy9maXIvMTQ5MzAwMzU5NUZJUiBpbiBSQzAxKEEpMjAyNi1CQlMucGRm
RC0082026A0004,,,https://cbi.gov.in/download/L2Fzc2V0cy9maWxlcy9maXIvMTA2NjM3MDA4M1JDIDA0IDI2LnBkZg==
RC0052026A0007,,,https://cbi.gov.in/download/L2Fzc2V0cy9maWxlcy9maXIvODU5MDQ0NTM5UkMwMDUyMDI2QTAwMDcucGRm
RC0032026A0018,,,https://cbi.gov.in/download/L2Fzc2V0cy9maWxlcy9maXIvMjEwNDUyNzM0MlJDMDAzMjAyNkEwMDE4LnBkZg==
RC2312026S0009,,,https://cbi.gov.in/download/L2Fzc2V0cy9maWxlcy9maXIvMjAyMzUyNDgwUkMyMzEyMDI2UzAwMDkucGRm
RC2162026A0003,,,https://cbi.gov.in/download/L2Fzc2V0cy9maWxlcy9maXIvMTkzOTkxNzc5NVJDMjE2MjAyNkEwMDAzLnBkZg==
RC0262026A0005,,,https://cbi.gov.in/download/L2Fzc2V0cy9maWxlcy9maXIvNDg3MTAwMzNGSVIgUkMwMjYyMDI2QTAwMDUucGRm
RC0052026A0006,,,https://cbi.gov.in/download/L2Fzc2V0cy9maWxlcy9maXIvMTczMjk5MjA1UkMwMDUyMDI2QTAwMDYucGRm
RC0032026A0017,,,https://cbi.gov.in/download/L2Fzc2V0cy9maWxlcy9maXIvMTYxOTg5NTI4NVJDMDAzMjAyNkEwMDE3LnBkZg==
RC0262026A0004,,,https://cbi.gov.in/download/L2Fzc2V0cy9maWxlcy9maXIvNjk2NDk2MTAyRklSIFJDMDI2MjAyNkEwMDA0LnBkZg==
RC2212026E0004,,,https://cbi.gov.in/download/L2Fzc2V0cy9maWxlcy9maXIvODgxNzg1MTU0UkMyMjEyMDI2RTAwMDQucGRm
RC1242026A0003,,,https://cbi.gov.in/download/L2Fzc2V0cy9maWxlcy9maXIvNjIyNDE3NTA3RklSICBpbiBSQzEyNDIwMjZBMDAwMy5wZGY=
RC1242026A0002,,,https://cbi.gov.in/download/L2Fzc2V0cy9maWxlcy9maXIvMzQ1NDQ4OTE5RklSIGluIFJDMTI0MjAyNkEwMDAyLnBkZg==
RC0602026S0001,,,https://cbi.gov.in/download/L2Fzc2V0cy9maWxlcy9maXIvNjA4NTY2Mzg2RklSIE5vIFJDMDYwMjAyNlMwMDAxLnBkZg==
RC0512026S0001,,,https://cbi.gov.in/download/L2Fzc2V0cy9maWxlcy9maXIvMzY2OTQ0OTQ5UkMwNTEyMDI2UzAwMDEucGRm
RC0242026A0005,,,https://cbi.gov.in/download/L2Fzc2V0cy9maWxlcy9maXIvNzEwOTc0NTg1RklSIC0gUkMwNS1BLTIwMjYtUi5wZGY=
RC0082026A0003,,,https://cbi.gov.in/download/L2Fzc2V0cy9maWxlcy9maXIvMTEyNDE4MjcwMFJDIDAzIDI2LnBkZg==
RC1212026A0001,,,https://cbi.gov.in/download/L2Fzc2V0cy9maWxlcy9maXIvMTU3OTMzMjIxOEZJUi5wZGY=
RC0742026E0003,,,https://cbi.gov.in/download/L2Fzc2V0cy9maWxlcy9maXIvMTQ4ODgxODE3OEZJUiBvZiBSQzNFMjAyNi5wZGY=
RC0592026A0007,,,https://cbi.gov.in/download/L2Fzc2V0cy9maWxlcy9maXIvMTM4NDg4MjYyUkMwNTkyMDI2QTAwMDcucGRm
RC0282026A0003,,,https://cbi.gov.in/download/L2Fzc2V0cy9maWxlcy9maXIvNTA2ODc1MjQ1RklSIFJDMDI4MjAyNkEwMDAzLnBkZg==
RC0062026A0010,,,https://cbi.gov.in/download/L2Fzc2V0cy9maWxlcy9maXIvMjA0NzY1OTQ2NFJDMDA2MjAyNkEwMDEwLnBkZg==
RC0032026A0016,,,https://cbi.gov.in/download/L2Fzc2V0cy9maWxlcy9maXIvNTI0MzkwNTYxUkMwMDMyMDI2QTAwMTYucGRm
RC0062026A0009,,,https://cbi.gov.in/download/L2Fzc2V0cy9maWxlcy9maXIvMTUzMDI3NTMyNVJDMDA2MjAyNkEwMDA5LnBkZg==
RC0062026A0008,,,https://cbi.gov.in/download/L2Fzc2V0cy9maWxlcy9maXIvMTEyOTkyNjE4MFJDMDA2MjAyNkEwMDA4LnBkZg==
RC2182026A0006,,,https://cbi.gov.in/download/L2Fzc2V0cy9maWxlcy9maXIvMTg2MDIyNDc2N1JDMjE4MjAyNkEwMDA2LnBkZg==
RC0362026A0002,,,https://cbi.gov.in/download/L2Fzc2V0cy9maWxlcy9maXIvMTAxOTYzNTk1OVJDMDM2MjAyNkEwMDAyLnBkZg==
RC0252026A0004,,,https://cbi.gov.in/download/L2Fzc2V0cy9maWxlcy9maXIvMjEyNzE2MDM5MEZJUiBpbiBSQyAwNChBKS0yMDI2LUQucGRm
RC0592026A0006,,,https://cbi.gov.in/download/L2Fzc2V0cy9maWxlcy9maXIvMjAwNDg3NjAxMVJDMDU5MjAyNkEwMDA2LnBkZg==
RC0052026A0005,,,https://cbi.gov.in/download/L2Fzc2V0cy9maWxlcy9maXIvOTQzNTM0NDg1UkMwMDUyMDI2QTAwMDUucGRm
RC0032026A0015,,,https://cbi.gov.in/download/L2Fzc2V0cy9maWxlcy9maXIvMTg2NDQzMjM2MVJDMDAzMjAyNkEwMDE1LnBkZg==
RC0522026S0003,,,https://cbi.gov.in/download/L2Fzc2V0cy9maWxlcy9maXIvNjAwNDU3ODI2UkMwNTIyMDI2UzAwMDMucGRm
RC0252026A0003,,,https://cbi.gov.in/download/L2Fzc2V0cy9maWxlcy9maXIvMTI4MTI5MDkyMUZJUiBSQzAzKEEpIDI2LUQucGRm
RC2332026E0003,,,https://cbi.gov.in/download/L2Fzc2V0cy9maWxlcy9maXIvODYwODM4NjYyUkMyMzMyMDI2RTAwMDMucGRm
RC2182026A0005,,,https://cbi.gov.in/download/L2Fzc2V0cy9maWxlcy9maXIvNzkzMDg0MDE2UkMyMTgyMDI2QTAwMDUucGRm
RC0062026A0007,,,https://cbi.gov.in/download/L2Fzc2V0cy9maWxlcy9maXIvMTQxOTQ5MzYyMlJDMDA2MjAyNkEwMDA3LnBkZg==
RC2202026E0001,,,https://cbi.gov.in/download/L2Fzc2V0cy9maWxlcy9maXIvMTk0MTQzOTI2M0ZJUi0wMS0yMDI2LnBkZg==
RC0082026A0002,,,https://cbi.gov.in/download/L2Fzc2V0cy9maWxlcy9maXIvNjk4NzQ5MTgzMDIgMjYgRklSLnBkZg==
RC0032026A0014,,,https://cbi.gov.in/download/L2Fzc2V0cy9maWxlcy9maXIvMTk1NzExNTgwNVJDMDAzMjAyNkEwMDE0LnBkZg==
RC0372026A0005,,,https://cbi.gov.in/download/L2Fzc2V0cy9maWxlcy9maXIvMTU2NDA1ODk3MFJDMDM3MjAyNkEwMDA1LlBERg==
RC0202026A0001,,,https://cbi.gov.in/download/L2Fzc2V0cy9maWxlcy9maXIvNDYzNjg4NjY4RklSIGluIFJDMDIwMjAyNkEwMDAxU0hHLnBkZg==
RC0172026A0005,,,https://cbi.gov.in/download/L2Fzc2V0cy9maWxlcy9maXIvMzI1ODY2NTBGSVIgaW4gUkMwMTcyMDI2QTAwMDUucGRm
RC2212026E0002,,,https://cbi.gov.in/download/L2Fzc2V0cy9maWxlcy9maXIvMTQxOTg3NTg0OVJDMjIxMjAyNkUwMDAyLnBkZg==
RC2212026E0001,,,https://cbi.gov.in/download/L2Fzc2V0cy9maWxlcy9maXIvMTU1MDQ3OTQwNVJDMjIxMjAyNkUwMDAxLnBkZg==
RC2162026A0002,,,https://cbi.gov.in/download/L2Fzc2V0cy9maWxlcy9maXIvMjYzMzE2NTQwUkMyMTYyMDI2QTAwMDIucGRm
RC0372026A0004,,,https://cbi.gov.in/download/L2Fzc2V0cy9maWxlcy9maXIvMTMyMTI3ODAzOVJDMDM3MjAyNkEwMDA0LlBERg==
RC0062026A0006,,,https://cbi.gov.in/download/L2Fzc2V0cy9maWxlcy9maXIvNzEwNTE0OTQzUkMwMDYyMDI2QTAwMDYucGRm
RC0032026A0013,,,https://cbi.gov.in/download/L2Fzc2V0cy9maWxlcy9maXIvMTUxODEyNzI3UkMwMDMyMDI2QTAwMTMucGRm
RC0772026E0001,,,https://cbi.gov.in/download/L2Fzc2V0cy9maWxlcy9maXIvMTIwMzU1MDAzN0ZJUi5wZGY=
RC0262026A0003,,,https://cbi.gov.in/download/L2Fzc2V0cy9maWxlcy9maXIvNTgyNTI0ODcxUkMwMjYyMDI2QTAwMDMucGRm
RC0212026A0004,,,https://cbi.gov.in/download/L2Fzc2V0cy9maWxlcy9maXIvMTgxNTYwMTA3OEZJUiBSQyAwMjEyMDI2QTAwMDQucGRm
RC0962026A0001,,,https://cbi.gov.in/download/L2Fzc2V0cy9maWxlcy9maXIvNTYxNDgwMzcwUkMwOTYyMDI2QTAwMDEucGRm
RC0252026A0002,,,https://cbi.gov.in/download/L2Fzc2V0cy9maWxlcy9maXIvMzk4NjEzODRGSVIgaW4gUkMgMihBKS0yMDI2LUQucGRm
RC0742026E0002,,,https://cbi.gov.in/download/L2Fzc2V0cy9maWxlcy9maXIvNDI2NzM2MDkyRklSIFJDIDAyLTIwMjZfMDAwMS5wZGY=
RC0592026A0005,,,https://cbi.gov.in/download/L2Fzc2V0cy9maWxlcy9maXIvODAwODQ0NTU0UkMwNTkyMDI2QTAwMDUucGRm
RC2182026A0004,,,https://cbi.gov.in/download/L2Fzc2V0cy9maWxlcy9maXIvMzU1MTUxNTQzc2NhbiBjb3B5IFJDMjE4MjAyNkEwMDA0XzAwMDEucGRm
RC2182026A0003,,,https://cbi.gov.in/download/L2Fzc2V0cy9maWxlcy9maXIvMTAxNDQyMDIyMFNjYW4gY29weSBSQzIxODIwMjZBMDAwM18wMDAxLnBkZg==
RC0102026A0001,,,https://cbi.gov.in/download/L2Fzc2V0cy9maWxlcy9maXIvODEzNTI1NjQ2RklSLnBkZg==
RC0032026A0012,,,https://cbi.gov.in/download/L2Fzc2V0cy9maWxlcy9maXIvMTgxNjc2NzUxMVJDMDAzMjAyNkEwMDEyLnBkZg==
RC0092026A0002,,,https://cbi.gov.in/download/L2Fzc2V0cy9maWxlcy9maXIvMTA0NDkyNzc2OEZJUiBvZiBSQzAwOTIwMjZBMDAwMi5wZGY=
RC1222026A0002,,,https://cbi.gov.in/download/L2Fzc2V0cy9maWxlcy9maXIvMTE0NzMyOTUxNUZJUiBSQzEyMjIwMjZBMDAwMi5wZGY=
RC1202026A0003,,,https://cbi.gov.in/download/L2Fzc2V0cy9maWxlcy9maXIvMTA3NDc4NDc1RklSIFJDMTIwMjAyNkEwMDAzLnBkZg==
RC0072026A0001,,,https://cbi.gov.in/download/L2Fzc2V0cy9maWxlcy9maXIvNTY2ODIwNjAyRklSIFJDMDA3MjAyNkEwMDAxLnBkZg==
RC0742026E0001,,,https://cbi.gov.in/download/L2Fzc2V0cy9maWxlcy9maXIvMjA5MDI1MzA3OFJDMDc0MjAyNkUwMDAxLnBkZg==
RC0052026A0004,,,https://cbi.gov.in/download/L2Fzc2V0cy9maWxlcy9maXIvMTE3NTQ1MzQ4UkMwMDUyMDI2QTAwMDQucGRm
RC0042026A0003,,,https://cbi.gov.in/download/L2Fzc2V0cy9maWxlcy9maXIvMTgxNDA0MjkxMVJDMDA0MjAyNkEwMDAzLnBkZg==
RC0062026A0005,,,https://cbi.gov.in/download/L2Fzc2V0cy9maWxlcy9maXIvMTAwNzc3MzYzMEZJUiBSQzAwNjIwMjZBMDAwNS5wZGY=
RC0032026A0011,,,https://cbi.gov.in/download/L2Fzc2V0cy9maWxlcy9maXIvMTczMzg0MzE4NFJDMDAzMjAyNkEwMDExLnBkZg==
RC2182026A0002,,,https://cbi.gov.in/download/L2Fzc2V0cy9maWxlcy9maXIvMTI5MDIzNTE4NlJDMjE4MjAyNkEwMDAyLnBkZg==
RC0292026A0001,,,https://cbi.gov.in/download/L2Fzc2V0cy9maWxlcy9maXIvOTEzMjUxMDI5RklSIGluIFJDMDI5MjAyNkEwMDAxLnBkZg==
RC0212026A0003,,,https://cbi.gov.in/download/L2Fzc2V0cy9maWxlcy9maXIvMjAwMjQ2NTUwNFJDMDIxMjAyNkEwMDAzLnBkZg==
RC0042026A0002,,,https://cbi.gov.in/download/L2Fzc2V0cy9maWxlcy9maXIvMTYyMzY3NTIwUkMwMDQyMDI2QTAwMDIucGRm
RC0042026A0001,,,https://cbi.gov.in/download/L2Fzc2V0cy9maWxlcy9maXIvMjQzNzE3MjQ4UkMwMDQyMDI2QTAwMDEucGRm
RC0062026A0004,,,https://cbi.gov.in/download/L2Fzc2V0cy9maWxlcy9maXIvNjgxNjIzMjAxUkMwMDYyMDI2QTAwMDQucGRm
RC0352026A0002,,,https://cbi.gov.in/download/L2Fzc2V0cy9maWxlcy9maXIvMTM3OTc4NTgxOEZJUiAwMjAwMS5wZGY=
RC0352026A0001,,,https://cbi.gov.in/download/L2Fzc2V0cy9maWxlcy9maXIvOTcwMzQ4ODQ5RklSMDAxLnBkZg==
RC0322026A0003,,,https://cbi.gov.in/download/L2Fzc2V0cy9maWxlcy9maXIvMTAwMTM5OTk2NEZJUiAwMyBvZiAyMDI2LnBkZg==
RC0682026E0001,,,https://cbi.gov.in/download/L2Fzc2V0cy9maWxlcy9maXIvMTU3NTk3MzIxRklSIFJDMDY4MjAyNkUwMDAxLnBkZg==
RC0522026S0002,,,https://cbi.gov.in/download/L2Fzc2V0cy9maWxlcy9maXIvMjAwNzg1OTEzMUZJUiAyKFMpMjAyNi5wZGY=
RC0482026S0001,,,https://cbi.gov.in/download/L2Fzc2V0cy9maWxlcy9maXIvMTEwNzk5MzkzNkZJUiBSQzA0ODIwMjZTMDAwMV8wMDAxLnBkZg==
RC0052026A0003,,,https://cbi.gov.in/download/L2Fzc2V0cy9maWxlcy9maXIvNjc2MDk5MzQ1UkMwMDUyMDI2QTAwMDMucGRm
RC0732026E0007,,,https://cbi.gov.in/download/L2Fzc2V0cy9maWxlcy9maXIvNTk1MTI5MzExRklSIC0gUkMwNzMyMDI2RTAwMDctb3V0cHV0LnBkZg==
RC0232026A0007,,,https://cbi.gov.in/download/L2Fzc2V0cy9maWxlcy9maXIvMTI1NzQxNjkxNUZJUitOb3RpZmljYXRpb24gMDctMDAwMjYucGRm
RC0032026A0010,,,https://cbi.gov.in/download/L2Fzc2V0cy9maWxlcy9maXIvNzE4ODQ3NDczUkMwMDMyMDI2QTAwMTAucGRm
RC1202026A0002,,,https://cbi.gov.in/download/L2Fzc2V0cy9maWxlcy9maXIvMTI4MTczMzQyNEZJUiBSQzEyMDIwMjZBMDAwMi5wZGY=
RC0372026A0003,,,https://cbi.gov.in/download/L2Fzc2V0cy9maWxlcy9maXIvNDk5MTgxMjA0UkMwMzcyMDI2QTAwMDMucGRm
RC0312026A0004,,,https://cbi.gov.in/download/L2Fzc2V0cy9maWxlcy9maXIvODg4NTIzOTE1UkMwMzEyMDI2QTAwMDQucGRm
RC0052026A0002,,,https://cbi.gov.in/download/L2Fzc2V0cy9maWxlcy9maXIvMTEwNTA0MDIzN1JDMDA1MjAyNkEwMDAyLnBkZg==
RC0032026A0009,,,https://cbi.gov.in/download/L2Fzc2V0cy9maWxlcy9maXIvMTQyNTY4NjY4UkMwMDMyMDI2QTAwMDkucGRm
RC0032026A0008,,,https://cbi.gov.in/download/L2Fzc2V0cy9maWxlcy9maXIvNDg2OTA2NDc0UkMwMDMyMDI2QTAwMDgucGRm
RC0032026A0007,,,https://cbi.gov.in/download/L2Fzc2V0cy9maWxlcy9maXIvMTI1MDIwNDM4MFJDMDAzMjAyNkEwMDA3LnBkZg==
RC0052026A0001,,,https://cbi.gov.in/download/L2Fzc2V0cy9maWxlcy9maXIvMTM3MjYyNTAyMVJDMDA1MjAyNkEwMDAxLnBkZg==
RC0032026A0006,,,https://cbi.gov.in/download/L2Fzc2V0cy9maWxlcy9maXIvODExNTAwNzczUkMwMDMyMDI2QTAwMDYucGRm
RC1222026A0001,,,https://cbi.gov.in/download/L2Fzc2V0cy9maWxlcy9maXIvODEzNzc2ODMyRklSIFJDMTIyMjAyNkEwMDAxLnBkZg==
RC0362026A0001,,,https://cbi.gov.in/download/L2Fzc2V0cy9maWxlcy9maXIvMTc4OTQxMzkwMlJDMDM2MjAyNkEwMDAxLnBkZg==
RC0082026A0001,,,https://cbi.gov.in/download/L2Fzc2V0cy9maWxlcy9maXIvOTAwNjUyMDE0RklSIFJDMDA4MjAyNkEwMDAxLnBkZg==
RC0232026A0006,,,https://cbi.gov.in/download/L2Fzc2V0cy9maWxlcy9maXIvMTc0ODM4Mjg4MUZJUiAwNi0wMDAyNi5wZGY=
RC0172026A0004,,,https://cbi.gov.in/download/L2Fzc2V0cy9maWxlcy9maXIvMjA3NzA0MDgxOUZJUiBpbiBSQzAxNzIwMjZBMDAwNC5wZGY=
RC0212026A0002,,,https://cbi.gov.in/download/L2Fzc2V0cy9maWxlcy9maXIvMjA4MzUxNzkzOEZJUiBSQzAyMTIwMjZBMDAwMl8wMDA1NDgucGRm
RC0502026S0002,,,https://cbi.gov.in/download/L2Fzc2V0cy9maWxlcy9maXIvNjc0NjgyMjIyRklSX1JDMDUwMjAyNlMwMDAyLnBkZg==
RC0322026A0002,,,https://cbi.gov.in/download/L2Fzc2V0cy9maWxlcy9maXIvMTEyMTg4OTc0NVJDIDAyIDIwMjYucGRm
RC0172026A0003,,,https://cbi.gov.in/download/L2Fzc2V0cy9maWxlcy9maXIvMTQxMTEwODkwOUZJUiBSQzNBMjAyNi5wZGY=
RC0172026A0002,,,https://cbi.gov.in/download/L2Fzc2V0cy9maWxlcy9maXIvNDk5MDUyNzYwRklSIFJDMkEyMDI2LnBkZg==
RC0032026A0005,,,https://cbi.gov.in/download/L2Fzc2V0cy9maWxlcy9maXIvNzIxMDI5MDc3UkMwMDMyMDI2QTAwMDUucGRm
RC1202026A0001,,,https://cbi.gov.in/download/L2Fzc2V0cy9maWxlcy9maXIvMTYwMzAzMTk1MUZJUiBSQzEyMDIwMjZBMDAwMS4ucGRm
RC0372026A0002,,,https://cbi.gov.in/download/L2Fzc2V0cy9maWxlcy9maXIvMTQwNzc4NTcyMFJDMDM3MjAyNkEwMDAyLlBERg==
RC0242026A0004,,,https://cbi.gov.in/download/L2Fzc2V0cy9maWxlcy9maXIvOTY3MTEwNzAzRklSIDA0KEEpLTIwMjYtUi5wZGY=
RC2312026S0007,,,https://cbi.gov.in/download/L2Fzc2V0cy9maWxlcy9maXIvMTEyOTg2NzMzMVJDMjMxMjAyNlMwMDA3LnBkZg==
RC2312026S0006,,,https://cbi.gov.in/download/L2Fzc2V0cy9maWxlcy9maXIvMTY4MjEwMjE5N1JDMjMxMjAyNlMwMDA2LnBkZg==
RC2312026S0005,,,https://cbi.gov.in/download/L2Fzc2V0cy9maWxlcy9maXIvMTAxMDg2OTg0NlJDMjMxMjAyNlMwMDA1LnBkZg==
RC2162026A0001,,,https://cbi.gov.in/download/L2Fzc2V0cy9maWxlcy9maXIvNDU5MDA2NTYwUkMyMTYyMDI2QTAwMDEucGRm
RC1232026A0002,,,https://cbi.gov.in/download/L2Fzc2V0cy9maWxlcy9maXIvMzE5ODY4OTA1UkMxMjMyMDI2QTAwMDIucGRm
RC0092026A0001,,,https://cbi.gov.in/download/L2Fzc2V0cy9maWxlcy9maXIvMjAxMTc3NjE1N0ZJUiBvZiBSQzAwOTIwMjZBMDAwMS5wZGY=
RC0062026A0003,,,https://cbi.gov.in/download/L2Fzc2V0cy9maWxlcy9maXIvMTQwMzE0ODM0OUZJUiBSQyBOTyAzLTIwMjYucGRm
RC2312026S0004,,,https://cbi.gov.in/download/L2Fzc2V0cy9maWxlcy9maXIvMTI2OTIxMDA1MlJDMjMxMjAyNlMwMDA0LnBkZg==
RC2312026S0003,,,https://cbi.gov.in/download/L2Fzc2V0cy9maWxlcy9maXIvMTAzMjYzOTAxNFJDMjMxMjAyNlMwMDAzLnBkZg==
RC2172026A0002,,,https://cbi.gov.in/download/L2Fzc2V0cy9maWxlcy9maXIvMTQ2MjQ3MTAzNEZJUiBSQzIxNzIwMjZBMDAwMiBTaWduZWQgY29weS5wZGY=
RC0372026A0001,,,https://cbi.gov.in/download/L2Fzc2V0cy9maWxlcy9maXIvMTUxNzk0NTIyM1JDMDM3MjAyNkEwMDAxLlBERg==
RC0322026A0001,,,https://cbi.gov.in/download/L2Fzc2V0cy9maWxlcy9maXIvMjI1NjY0NDU2UkMgMDEgMjAyNl9tZXJnZWQucGRm
RC2172026A0003,,,https://cbi.gov.in/download/L2Fzc2V0cy9maWxlcy9maXIvMzQzNjU1NTcwRklSIFJDMjE3MjAyNkEwMDAzLnBkZg==
RC0232026A0005,,,https://cbi.gov.in/download/L2Fzc2V0cy9maWxlcy9maXIvMTA4OTkyNjI5NVJDMDUtMDAwMjYucGRm
RC2312026S0002,,,https://cbi.gov.in/download/L2Fzc2V0cy9maWxlcy9maXIvMTQxMTk3MTYxM1JDMjMxMjAyNlMwMDAyLnBkZg==
RC2312026S0001,,,https://cbi.gov.in/download/L2Fzc2V0cy9maWxlcy9maXIvNDQ2MjU4NzEyUkMyMzEyMDI2UzAwMDEucGRm
RC0172026A0001,,,https://cbi.gov.in/download/L2Fzc2V0cy9maWxlcy9maXIvNjk1NzgxNzAxRklSIGluIFJDMDE3MjAyNkEwMDAxLnBkZg==
RC2292026A0001,,,https://cbi.gov.in/download/L2Fzc2V0cy9maWxlcy9maXIvNDAzODQ2MjM5RklSXzAwMDEucGRm
RC0732026E0006,,,https://cbi.gov.in/download/L2Fzc2V0cy9maWxlcy9maXIvNzY0MzI0NzQ0RklSIC0gUkMwNzMyMDI2RTAwMDZfY29tcHJlc3NlZC1vdXRwdXQucGRm
RC1242026A0001,,,https://cbi.gov.in/download/L2Fzc2V0cy9maWxlcy9maXIvMTA5ODUxOTczaW1nMjAyNjAxMThfMTUwNDM3NDcucGRm
RC0562026S0001,,,https://cbi.gov.in/download/L2Fzc2V0cy9maWxlcy9maXIvNjA0ODE1MzczRklSIFJDMDU2MjAyNlMwMDAxLnBkZg==
RC0282026A0002,,,https://cbi.gov.in/download/L2Fzc2V0cy9maWxlcy9maXIvMTE1Njg1OTI1OEZJUiBpbiBSQzAyODIwMjZBMDAwMi5wZGY=
RC1232026A0001,,,https://cbi.gov.in/download/L2Fzc2V0cy9maWxlcy9maXIvMTE2Njg0NTQ4U2NhbiBjb3B5IG9mIFJDMSBvZiAyMDI2LnBkZg==
RC0732026E0005,,,https://cbi.gov.in/download/L2Fzc2V0cy9maWxlcy9maXIvMTI4NDQwNjM1N0ZJUiAtIFJDMDczMjAyNkUwMDA1LW91dHB1dC5wZGY=
RC0062026A0002,,,https://cbi.gov.in/download/L2Fzc2V0cy9maWxlcy9maXIvOTMxMDA5Njc4UkMwMDYyMDI2QTAwMDIucGRm
RC2152026E0001,,,https://cbi.gov.in/download/L2Fzc2V0cy9maWxlcy9maXIvMTMyNjMwNzYxM1JDMjE1MjAyNkUwMDAxX0Zpcl9WZXI1LnBkZg==
RC0732026E0004,,,https://cbi.gov.in/download/L2Fzc2V0cy9maWxlcy9maXIvMjM5NTMwMDQ4RklSIC0gUkMwNzMyMDI2RTAwMDQtb3V0cHV0LnBkZg==
RC0592026A0004,,,https://cbi.gov.in/download/L2Fzc2V0cy9maWxlcy9maXIvNDgwNDIzMDg1UkMwNTkyMDI2QTAwMDQucGRm
RC0212026A0001,,,https://cbi.gov.in/download/L2Fzc2V0cy9maWxlcy9maXIvMjE4NzkxMTc1RklSIE5vIFJDMDIxMjAyNkEwMDAxLnBkZg==
RC0312026A0003,,,https://cbi.gov.in/download/L2Fzc2V0cy9maWxlcy9maXIvMTIxNDQ1NTczUkMwMzEyMDI2QTAwMDMucGRm
RC0312026A0002,,,https://cbi.gov.in/download/L2Fzc2V0cy9maWxlcy9maXIvOTg0MTI4OTc1UkMwMzEyMDI2QTAwMDIucGRm
RC0232026A0004,,,https://cbi.gov.in/download/L2Fzc2V0cy9maWxlcy9maXIvOTExNDIyNDI0UkM0KEEpMjYucGRm
RC0032026A0004,,,https://cbi.gov.in/download/L2Fzc2V0cy9maWxlcy9maXIvOTAwNjcxNzgyUkMwMDMyMDI2QTAwMDQucGRm
RC0032026A0003,,,https://cbi.gov.in/download/L2Fzc2V0cy9maWxlcy9maXIvMjEyMjMzNjE4NlJDMDAzMjAyNkEwMDAzLnBkZg==
RC0232026A0003,,,https://cbi.gov.in/download/L2Fzc2V0cy9maWxlcy9maXIvNDI3MDE1NTIxUkMwMy0wMDAyNi5wZGY=
RC0232026A0002,,,https://cbi.gov.in/download/L2Fzc2V0cy9maWxlcy9maXIvMzMwODI0OTQ1RklSMDItMDAwMjYucGRm
RC0232026A0001,,,https://cbi.gov.in/download/L2Fzc2V0cy9maWxlcy9maXIvNzYzOTIyNjg4RklSMDEtMDAwMjYucGRm
RC0302026A0002,,,https://cbi.gov.in/download/L2Fzc2V0cy9maWxlcy9maXIvOTA0MzM1NTQwUkMwMzAyMDI2QTAwMDIucGRm
RC0302026A0001,,,https://cbi.gov.in/download/L2Fzc2V0cy9maWxlcy9maXIvMTE0OTg1OTg3MVJDMDMwMjAyNkEwMDAxLnBkZg==
RC0272026A0001,,,https://cbi.gov.in/download/L2Fzc2V0cy9maWxlcy9maXIvMjAyNDk3MDU0N1JDMDI3MjAyNkEwMDAxLnBkZg==
RC2332026E0002,,,https://cbi.gov.in/download/L2Fzc2V0cy9maWxlcy9maXIvMzU4MTMxNTMyRklSIE5PIFJDMjMzMjAyNkUwMDAyICBFTy0gSVYucGRm
RC2332026E0001,,,https://cbi.gov.in/download/L2Fzc2V0cy9maWxlcy9maXIvMTQ3MTY4Nzc0OEZJUiBOTyBSQzIzMzIwMjZFMDAwMSBFTy1JVi5wZGY=
RC2172026A0001,,,https://cbi.gov.in/download/L2Fzc2V0cy9maWxlcy9maXIvOTE0MzgxMzY4RklSIFJDMjE3MjAyNkEwMDAxLnBkZg==
RC0592026A0003,,,https://cbi.gov.in/download/L2Fzc2V0cy9maWxlcy9maXIvMjU3MDQxNjRSQzA1OTIwMjZBMDAwMy5wZGY=
RC0502026S0001,,,https://cbi.gov.in/download/L2Fzc2V0cy9maWxlcy9maXIvNTAxOTQwMjI0RklSIE9GIFJDIDA1MDIwMjZTMDAwMS4uLnBkZg==
RC0282026A0001,,,https://cbi.gov.in/download/L2Fzc2V0cy9maWxlcy9maXIvNjU5MTc3NDc2RklSIElOIFJDMDI4MjAyNkEwMDAxLnBkZg==
RC0262026A0002,,,https://cbi.gov.in/download/L2Fzc2V0cy9maWxlcy9maXIvMjA2OTcxNTgzMVJDIDAyQTI2IFVwbG9hZGFibGUgRm9ybWF0XzAwMDEucGRm
RC2182026A0001,,,https://cbi.gov.in/download/L2Fzc2V0cy9maWxlcy9maXIvMTAzOTA2MTQxNFJDMjE4MjAyNkEwMDAxLnBkZg==
RC0732026E0003,,,https://cbi.gov.in/download/L2Fzc2V0cy9maWxlcy9maXIvMTA1MDE4NjQ1NUZJUiAtIFJDMDczMjAyNkUwMDAzLW91dHB1dC5wZGY=
RC0732026E0002,,,https://cbi.gov.in/download/L2Fzc2V0cy9maWxlcy9maXIvMTg1NDY3MzQ0N0ZJUiAtIFJDMDczMjAyNkUwMDAyLW91dHB1dC5wZGY=
RC0592026A0002,,,https://cbi.gov.in/download/L2Fzc2V0cy9maWxlcy9maXIvNjIzNjUyNzc0UkMwNTkyMDI2QTAwMDIucGRm
RC0242026A0003,,,https://cbi.gov.in/download/L2Fzc2V0cy9maWxlcy9maXIvMjA2ODMyMzY0N0ZJUiAtIFJDMDMtQS0gMjAyNi1SLnBkZg==
RC0032026A0002,,,https://cbi.gov.in/download/L2Fzc2V0cy9maWxlcy9maXIvMTgyODU4MzkwMFJDMDAzMjAyNkEwMDAyLnBkZg==
RC0732026E0001,,,https://cbi.gov.in/download/L2Fzc2V0cy9maWxlcy9maXIvNTMwOTU5ODRSQzA3MzIwMjZFMDAwMSAtIEZJUi5wZGY=
RC0062026A0001,,,https://cbi.gov.in/download/L2Fzc2V0cy9maWxlcy9maXIvMTQxOTk2MjY2NFJDMDA2MjAyNkEwMDAxLnBkZg==
RC0252026A0001,,,https://cbi.gov.in/download/L2Fzc2V0cy9maWxlcy9maXIvMTU2Mjc0NTgwMUZJUl9jb21wcmVzc2VkICgxKS5wZGY=
RC0032026A0001,,,https://cbi.gov.in/download/L2Fzc2V0cy9maWxlcy9maXIvMTI0NTM4NjA4N1JDMDAzMjAyNkEwMDAxLnBkZg==
RC0592026A0001,,,https://cbi.gov.in/download/L2Fzc2V0cy9maWxlcy9maXIvMTY1Njg0NDEwNVJDMDU5MjAyNkEwMDAxLnBkZg==
RC0312026A0001,,,https://cbi.gov.in/download/L2Fzc2V0cy9maWxlcy9maXIvMTY2ODE1MTk4UkMwMzEyMDI2QTAwMDEucGRm
RC0242026A0002,,,https://cbi.gov.in/download/L2Fzc2V0cy9maWxlcy9maXIvMTMyNTY0NDY1NUZJUiAwMi1BLTIwMjYtUi5wZGY=
RC0342026S0001,,,https://cbi.gov.in/download/L2Fzc2V0cy9maWxlcy9maXIvMTcxODczODMwM0ZJUiBSQyAwMzQyMDI2UzAwMDEucGRm
RC0262026A0001,,,https://cbi.gov.in/download/L2Fzc2V0cy9maWxlcy9maXIvMTE0OTQzODAwNEZJUiBpbiBSQyAwMUEyNi5wZGY=
RC0242026A0001,,,https://cbi.gov.in/download/L2Fzc2V0cy9maWxlcy9maXIvMTc5ODI4ODc5NkZJUiBSQy0wMS1BLTIwMjYucGRm
RC2212025E0018,,,https://cbi.gov.in/download/L2Fzc2V0cy9maWxlcy9maXIvNzk2MjUxNzcxUkMyMjEyMDI1RTAwMTgucGRm
RC1222025A0014,,,https://cbi.gov.in/download/L2Fzc2V0cy9maWxlcy9maXIvMTM4NDUwNDY0NkZJUiBSQzEyMjIwMjVBMDAxNC5wZGY=
RC0682025E0014,,,https://cbi.gov.in/download/L2Fzc2V0cy9maWxlcy9maXIvMTUyNjAzMDQyMkZJUiBSQyAxNEUyMDI1LnBkZg==
RC0682025E0013,,,https://cbi.gov.in/download/L2Fzc2V0cy9maWxlcy9maXIvMjI1ODYyNTAzRklSIFJDIDEzRTIwMjUucGRm
RC0682025E0012,,,https://cbi.gov.in/download/L2Fzc2V0cy9maWxlcy9maXIvOTc0MzY0MDM2RklSIFJDIDEyRTIwMjUucGRm
RC0482025S0019,,,https://cbi.gov.in/download/L2Fzc2V0cy9maWxlcy9maXIvNTMzMDg5MDg0UkMwNDgyMDI1UzAwMTkucGRm
RC0292025A0009,,,https://cbi.gov.in/download/L2Fzc2V0cy9maWxlcy9maXIvMTczNjU3MDM4NlJDMDI5MjAyNUEwMDA5LnBkZg==
RC0292025A0008,,,https://cbi.gov.in/download/L2Fzc2V0cy9maWxlcy9maXIvOTE5NjIwMTA1UkMwMjkyMDI1QTAwMDgucGRm
RC0292025A0007,,,https://cbi.gov.in/download/L2Fzc2V0cy9maWxlcy9maXIvMTA0NzA3ODE1NlJDMDI5MjAyNUEwMDA3LnBkZg==
RC0292025A0006,,,https://cbi.gov.in/download/L2Fzc2V0cy9maWxlcy9maXIvMTY4NjcxNTU0MVJDMDI5MjAyNUEwMDA2LnBkZg==
RC0292025A0005,,,https://cbi.gov.in/download/L2Fzc2V0cy9maWxlcy9maXIvNTY0MzQwMzM5UkMwMjkyMDI1QTAwMDUucGRm
RC0102025A0006,,,https://cbi.gov.in/download/L2Fzc2V0cy9maWxlcy9maXIvMzY1MTQ4Nzg3RklSLnBkZg==
RC0062025A0033,,,https://cbi.gov.in/download/L2Fzc2V0cy9maWxlcy9maXIvMTk1MDQxNTc1NVJDMDA2MjAyNUEwMDMzLnBkZg==
RC0482025S0018,,,https://cbi.gov.in/download/L2Fzc2V0cy9maWxlcy9maXIvMTc0NjU1ODI0UkMwNDgyMDI1UzAwMTgucGRm
RC0482025S0017,,,https://cbi.gov.in/download/L2Fzc2V0cy9maWxlcy9maXIvMTc2OTM0NzA3M0ZJUiBSQzA0ODIwMjVTMDAxNy5wZGY=
RC0372025A0004,,,https://cbi.gov.in/download/L2Fzc2V0cy9maWxlcy9maXIvMTYxNzIxNzEwOFJDMDM3MjAyNUEwMDA0LlBERg==
RC0202025A0005,,,https://cbi.gov.in/download/L2Fzc2V0cy9maWxlcy9maXIvOTkwOTc4MzIwRm9yd2FkaW5nICYgRklSIG9mIFJDNUEyMDI1LnBkZg==
RC0082025A0022,,,https://cbi.gov.in/download/L2Fzc2V0cy9maWxlcy9maXIvMTQ0NTkyMjQ3N1JDIDIyXzI1LnBkZg==
RC0082025A0021,,,https://cbi.gov.in/download/L2Fzc2V0cy9maWxlcy9maXIvMTA0Mzk4Nzg2N1JDMDA4MjAyNUEwMDIxLnBkZg==
RC0052025A0022,,,https://cbi.gov.in/download/L2Fzc2V0cy9maWxlcy9maXIvNDYyODI3NzE2UkMwMDUyMDI1QTAwMjIucGRm
RC0482025S0016,,,https://cbi.gov.in/download/L2Fzc2V0cy9maWxlcy9maXIvMTU4NDYyMjA0M0ZJUiBpbiBSQzA0ODIwMjVTMDAxNl8wMDAxLnBkZg==
RC0262025A0048,,,https://cbi.gov.in/download/L2Fzc2V0cy9maWxlcy9maXIvMTQ4NzkxMTUzRklSIFJDMDI2MjAyNUEwMDQ4LnBkZg==
RC0032025A0070,,,https://cbi.gov.in/download/L2Fzc2V0cy9maWxlcy9maXIvODkxMjExMDQwUkMwMDMyMDI1QTAwNzAucGRm
RC2172025A0024,,,https://cbi.gov.in/download/L2Fzc2V0cy9maWxlcy9maXIvMTE3NTgzOTkxMlJDMjE3MjAyNUEwMDI0LnBkZg==
RC0482025S0015,,,https://cbi.gov.in/download/L2Fzc2V0cy9maWxlcy9maXIvMTAyNjg4MDUzMlJDMDQ4MjAyNVMwMDE1LnBkZg==
RC0372025A0003,,,https://cbi.gov.in/download/L2Fzc2V0cy9maWxlcy9maXIvNDM3NDE0NzI0UkMwMzcyMDI1QTAwMDMuUERG
RC0322025A0021,,,https://cbi.gov.in/download/L2Fzc2V0cy9maWxlcy9maXIvNzAzMjgxODMyUkMgMjEgMjAyNS5wZGY=
RC0292025A0004,,,https://cbi.gov.in/download/L2Fzc2V0cy9maWxlcy9maXIvMTAwNjUzNjM0MkNvcHkgb2YgRklSIGluIFJDIDA0IG9mIDIwMjUucGRm
RC0482025S0014,,,https://cbi.gov.in/download/L2Fzc2V0cy9maWxlcy9maXIvMTI4MDAyNjM2N1JDMDQ4MjAyNVMwMDE0LnBkZg==
RC0282025A0009,,,https://cbi.gov.in/download/L2Fzc2V0cy9maWxlcy9maXIvOTQ2ODA4NTAzRklSIGluIFJDMDI4MjAyNUEwMDA5LnBkZg==
RC0052025A0021,,,https://cbi.gov.in/download/L2Fzc2V0cy9maWxlcy9maXIvOTg3OTk5NjY0UkMwMDUyMDI1QTAwMjEucGRm
RC2172025A0023,,,https://cbi.gov.in/download/L2Fzc2V0cy9maWxlcy9maXIvMTkyMDM5ODM2MVJDMjE3MjAyNUEwMDIzLnBkZg==
RC0592025A0014,,,https://cbi.gov.in/download/L2Fzc2V0cy9maWxlcy9maXIvMTg2MzAwNTg4OFJDMDU5MjAyNUEwMDE0X0Zpcl9WZXIzLnBkZg==
RC0092025A0008,,,https://cbi.gov.in/download/L2Fzc2V0cy9maWxlcy9maXIvMzc2MDU2MjdSQzAwOTIwMjVBMDAwOC5wZGY=
RC0062025A0032,,,https://cbi.gov.in/download/L2Fzc2V0cy9maWxlcy9maXIvMTU4MDU2NjM0MFJDMDA2MjAyNUEwMDMyLnBkZg==
RC0082025A0020,,,https://cbi.gov.in/download/L2Fzc2V0cy9maWxlcy9maXIvODQ0OTk2OTdSQyAyMF8yNS5wZGY=
RC0482025S0013,,,https://cbi.gov.in/download/L2Fzc2V0cy9maWxlcy9maXIvNjU2ODM1NDY5RklSIGluIFJDMDQ4MjAyNVMwMDEzLnBkZg==
RC0482025S0012,,,https://cbi.gov.in/download/L2Fzc2V0cy9maWxlcy9maXIvNDY2NDQ2OTc0UkMwNDgyMDI1UzAwMTIucGRm
RC0032025A0069,,,https://cbi.gov.in/download/L2Fzc2V0cy9maWxlcy9maXIvMTQ2NDY0OTA1NlJDMDAzMjAyNUEwMDY5LnBkZg==
RC0262025A0047,,,https://cbi.gov.in/download/L2Fzc2V0cy9maWxlcy9maXIvNjE1NTk3MzAwRklSIGluIFJDMDI2MjAyNUEwMDQ3IFVwbG9hZCBmb3JtYXRfMDAwMS5wZGY=
RC2312025S0006,,,https://cbi.gov.in/download/L2Fzc2V0cy9maWxlcy9maXIvMTUzMDU1OTIxOVJDMjMxMjAyNVMwMDA2LnBkZg==
RC0102025A0005,,,https://cbi.gov.in/download/L2Fzc2V0cy9maWxlcy9maXIvMjA1MTcwMzgyRklSIFJDIDA1LTI1MDAwMS5wZGY=
RC0082025A0019,,,https://cbi.gov.in/download/L2Fzc2V0cy9maWxlcy9maXIvNDEzMDE0ODk4UkMxOV8yNS5wZGY=
RC0082025A0018,,,https://cbi.gov.in/download/L2Fzc2V0cy9maWxlcy9maXIvMjU4MDQxNTYxUkMgMThfMjUucGRm
RC0032025A0068,,,https://cbi.gov.in/download/L2Fzc2V0cy9maWxlcy9maXIvMTk2Mjc1ODI1MlJDMDAzMjAyNUEwMDY4LnBkZg==
RC0032025A0067,,,https://cbi.gov.in/download/L2Fzc2V0cy9maWxlcy9maXIvNzUyNzg0ODdSQzAwMzIwMjVBMDA2Ny5wZGY=
RC0062025A0031,,,https://cbi.gov.in/download/L2Fzc2V0cy9maWxlcy9maXIvMjEzMjczMjAyUkMwMDYyMDI1QTAwMzEucGRm
RC0372025A0002,,,https://cbi.gov.in/download/L2Fzc2V0cy9maWxlcy9maXIvMTU5OTY5MTk4NlJDMDM3MjAyNUEwMDAyLnBkZg==
RC0742025E0008,,,https://cbi.gov.in/download/L2Fzc2V0cy9maWxlcy9maXIvODYyNDkzNDMzRklSIG9mIFJDMDc0MjAyNUUwMDA4LnBkZg==
RC0742025E0007,,,https://cbi.gov.in/download/L2Fzc2V0cy9maWxlcy9maXIvNTMyODMzNDY1RklSIG9mIFJDMDc0MjAyNUUwMDA3LnBkZg==
RC0062025A0030,,,https://cbi.gov.in/download/L2Fzc2V0cy9maWxlcy9maXIvMTg0MDU4NTUyOFJDMDA2MjAyNUEwMDMwLnBkZg==
RC2162025A0015,,,https://cbi.gov.in/download/L2Fzc2V0cy9maWxlcy9maXIvMTQ4MjY0NjA0MlJDMjE2MjAyNUEwMDE1LnBkZg==
RC0102025A0004,,,https://cbi.gov.in/download/L2Fzc2V0cy9maWxlcy9maXIvMzg0MTc1NzgyRklSLnBkZg==
RC0092025A0007,,,https://cbi.gov.in/download/L2Fzc2V0cy9maWxlcy9maXIvMTA2Mjg5NjI5MFJDMDA5MjAyNUEwMDA3LnBkZg==
RC0262025A0046,,,https://cbi.gov.in/download/L2Fzc2V0cy9maWxlcy9maXIvMjE0Mzc3NDg0NkZJUiBSQzAyNjIwMjVBMDA0Ni5wZGY=
RC0282025A0008,,,https://cbi.gov.in/download/L2Fzc2V0cy9maWxlcy9maXIvNDIxOTM1MTU2UkMwMjgyMDI1QTAwMDgucGRm
RC0482025S0011,,,https://cbi.gov.in/download/L2Fzc2V0cy9maWxlcy9maXIvMzc2NDI4MzY4UkMwNDgyMDI1UzAwMTEucGRm
RC0332025S0008,,,https://cbi.gov.in/download/L2Fzc2V0cy9maWxlcy9maXIvMTE0MjI1OTk3UkMwMzMyMDI1UzAwMDhfRmlyX0ZJUl9vY3JfZW5hYmxlZC5wZGY=
RC0072025E0007,,,https://cbi.gov.in/download/L2Fzc2V0cy9maWxlcy9maXIvMTg1MjIzMTQ4RklSIFJDMDA3MjAyNUUwMDA3LnBkZg==
RC0362025A0014,,,https://cbi.gov.in/download/L2Fzc2V0cy9maWxlcy9maXIvODQ2NTEzMzc1UkMwMzYyMDI1QTAwMTQucGRm
RC0302025A0015,,,https://cbi.gov.in/download/L2Fzc2V0cy9maWxlcy9maXIvMTMzMzI3OTY4NEZJUiBSQzAzMDIwMjVBMDAxNS5wZGY=
RC0032025A0066,,,https://cbi.gov.in/download/L2Fzc2V0cy9maWxlcy9maXIvODM5NzI1MDMyUkMwMDMyMDI1QTAwNjYucGRm
RC2212025E0017,,,https://cbi.gov.in/download/L2Fzc2V0cy9maWxlcy9maXIvODk4Nzc5ODU2UkMgMTcgMjAyNS5wZGY=
RC0062025A0029,,,https://cbi.gov.in/download/L2Fzc2V0cy9maWxlcy9maXIvMTA2MDc0MTg4N1JDMDA2MjAyNUEwMDI5LnBkZg==
RC2212025E0016,,,https://cbi.gov.in/download/L2Fzc2V0cy9maWxlcy9maXIvMzQ1NDMxMjNSQyAxNiAyMDI1LnBkZg==
RC2182025A0020,,,https://cbi.gov.in/download/L2Fzc2V0cy9maWxlcy9maXIvMTI1MjIyMjM1NVJDMjE4MjAyNUEwMDIwXzAwMDEucGRm
RC0032025A0065,,,https://cbi.gov.in/download/L2Fzc2V0cy9maWxlcy9maXIvMzU0MjgwMzc0UkMwMDMyMDI1QTAwNjUucGRm
RC1202025A0019,,,https://cbi.gov.in/download/L2Fzc2V0cy9maWxlcy9maXIvMTcwODMxMDM5NEZJUiBSQzEyMDIwMjVBMDAxOS5wZGY=
RC0272025A0004,,,https://cbi.gov.in/download/L2Fzc2V0cy9maWxlcy9maXIvMTc5MDI2NzM1OFJDMDI3MjAyNUEwMDA0LnBkZg==
RC0272025A0003,,,https://cbi.gov.in/download/L2Fzc2V0cy9maWxlcy9maXIvNzY0NDc5MjkxUkMwMjcyMDI1QTAwMDMucGRm
RC0032025A0064,,,https://cbi.gov.in/download/L2Fzc2V0cy9maWxlcy9maXIvMTE3NTA1NTM1NVJDMDAzMjAyNUEwMDY0LnBkZg==
RC 0212025A0007,,,https://cbi.gov.in/download/L2Fzc2V0cy9maWxlcy9maXIvMTY3MDE0MzY2NUZJUiBSQyAwMjEyMDI1QTAwMDdfMDAwMjg2LnBkZg==
RC0232025A0031,,,https://cbi.gov.in/download/L2Fzc2V0cy9maWxlcy9maXIvNzg1MjE0NjAxUkMgMzEtMDAwMjUucGRm
RC0042025A0014,,,https://cbi.gov.in/download/L2Fzc2V0cy9maWxlcy9maXIvOTk5MDI3MzU3UkMwMDQyMDI1QTAwMTQucGRm
RC0152025A0037,,,https://cbi.gov.in/download/L2Fzc2V0cy9maWxlcy9maXIvOTA4MDkxMzg2RklSLVJDMDE1MjAyNUEwMDM3LnBkZg==
RC0152025A0036,,,https://cbi.gov.in/download/L2Fzc2V0cy9maWxlcy9maXIvMTE4NTg5ODQ4N0ZJUi1SQzAxNTIwMjVBMDAzNi5wZGY=
RC0062025A0028,,,https://cbi.gov.in/download/L2Fzc2V0cy9maWxlcy9maXIvOTAxNDUwNzRSQzAwNjIwMjVBMDAyOC5wZGY=
RC0282025A0007,,,https://cbi.gov.in/download/L2Fzc2V0cy9maWxlcy9maXIvNjA1NTI3Mjk2UkMwMjgyMDI1QTAwMDcucGRm
RC0152025A0035,,,https://cbi.gov.in/download/L2Fzc2V0cy9maWxlcy9maXIvODIwMDY3NzE1RklSLVJDMDE1MjAyNUEwMDM1LnBkZg==
RC0032025A0063,,,https://cbi.gov.in/download/L2Fzc2V0cy9maWxlcy9maXIvMTc0NDA3NTQ2OFJDMDAzMjAyNUEwMDYzLnBkZg==
RC2212025E0013,,,https://cbi.gov.in/download/L2Fzc2V0cy9maWxlcy9maXIvMTQzMzk5MzQ1NFJDMjIxMjAyNUUwMDEzLnBkZg==
RC0262025A0045,,,https://cbi.gov.in/download/L2Fzc2V0cy9maWxlcy9maXIvMTEwMTQxMDg4OEZJUiBSQzAyNjIwMjVBMDA0NS5wZGY=
RC0242025A0015,,,https://cbi.gov.in/download/L2Fzc2V0cy9maWxlcy9maXIvNjUzODQ5ODY1RklSLVJDMTUtQS0yMDI1LVIucGRm
RC0042025A0013,,,https://cbi.gov.in/download/L2Fzc2V0cy9maWxlcy9maXIvOTc5OTY3NDg2UkMwMDQyMDI1QTAwMTMucGRm
RC0032025A0062,,,https://cbi.gov.in/download/L2Fzc2V0cy9maWxlcy9maXIvMTM0NzQxMzk5NlJDMDAzMjAyNUEwMDYyLnBkZg==
RC2162025A0014,,,https://cbi.gov.in/download/L2Fzc2V0cy9maWxlcy9maXIvMTIzNTIxNjgyMFJDMjE2MjAyNUEwMDE0LnBkZg==
RC0032025A0061,,,https://cbi.gov.in/download/L2Fzc2V0cy9maWxlcy9maXIvMjAyNDc5MTMzNVJDMDAzMjAyNUEwMDYxLnBkZg==
RC0172025A0013,,,https://cbi.gov.in/download/L2Fzc2V0cy9maWxlcy9maXIvMjAxMTQ1NDMxMEZJUiBpbiBSQzAxNzIwMjVBMDAxMy5wZGY=
RC0512025S0006,,,https://cbi.gov.in/download/L2Fzc2V0cy9maWxlcy9maXIvMTk4Mzg5OTU4MkZJUiBSQzA1MTIwMjVTMDAwNi5wZGY=
RC0352025A0014,,,https://cbi.gov.in/download/L2Fzc2V0cy9maWxlcy9maXIvMjc1ODA0MTU1RklSMDAyLnBkZg==
RC0242025A0014,,,https://cbi.gov.in/download/L2Fzc2V0cy9maWxlcy9maXIvOTIxNjY0MDQ2RklSLVJDMTQtQS0yMDI1LVIucGRm
RC2212025E0012,,,https://cbi.gov.in/download/L2Fzc2V0cy9maWxlcy9maXIvMTExNzYwODE0UkMyMjEyMDI1RTAwMTIucGRm
RC2182025A0019,,,https://cbi.gov.in/download/L2Fzc2V0cy9maWxlcy9maXIvODg4MTAyOTQ4UkMyMTgyMDI1QTAwMTkucGRm
RC0682025E0011,,,https://cbi.gov.in/download/L2Fzc2V0cy9maWxlcy9maXIvNDI2NjYzNTQ1RklSIDExRTIwMjUucGRm
RC0342025E0012,,,https://cbi.gov.in/download/L2Fzc2V0cy9maWxlcy9maXIvMTYyOTA3NjIzNVJDMDM0MjAyNUUwMDEyLnBkZg==
RC0232025A0030,,,https://cbi.gov.in/download/L2Fzc2V0cy9maWxlcy9maXIvMTg4NjAyNjU5Mk9ubHkgRklSIDMwXzI1LnBkZg==
RC2202025E0020,,,https://cbi.gov.in/download/L2Fzc2V0cy9maWxlcy9maXIvMTY2MDM3OTRGSVItaW4gUkMtMjAtMjUucGRm
RC0682025E0010,,,https://cbi.gov.in/download/L2Fzc2V0cy9maWxlcy9maXIvMTY5Nzc5NTA1MEZJUiAxMEUyMDI1LnBkZg==
RC0052025A0020,,,https://cbi.gov.in/download/L2Fzc2V0cy9maWxlcy9maXIvMTUzNjU3NjE0NlJDIDIwLTI1XzAwMDEucGRm
RC0772025E0002,,,https://cbi.gov.in/download/L2Fzc2V0cy9maWxlcy9maXIvMjA4NjQ5MjQ5OEZJUiBhbG9uZ3dpdGggQ29tcGxhaW50IC0gUkMuMi5FLjIwMjUucGRm
RC0302025A0014,,,https://cbi.gov.in/download/L2Fzc2V0cy9maWxlcy9maXIvMzM5NTk3ODI0UkMwMzAyMDVBMDAxNC5wZGY=
RC0072025A0006,,,https://cbi.gov.in/download/L2Fzc2V0cy9maWxlcy9maXIvMTE3OTU1ODYwMUZJUiBSQzAwNzIwMjVBMDAwNi5wZGY=
RC0482025S0010,,,https://cbi.gov.in/download/L2Fzc2V0cy9maWxlcy9maXIvMTY5NzMyMzU2MkZJUiBSQyAxMCBTIDIwMjUgQ0JJIFNDLUlfMDAwMS5wZGY=
RC0742025E0006,,,https://cbi.gov.in/download/L2Fzc2V0cy9maWxlcy9maXIvMTgyNDg5MzU1NkZJUiBvZiBSQzZFMjAyNV8wMDAxLnBkZg==
RC0342025E0011,,,https://cbi.gov.in/download/L2Fzc2V0cy9maWxlcy9maXIvMjEzOTAxNDQzMlJDIDAzNDIwMjVFMDAxMS5wZGY=
RC0322025A0020,,,https://cbi.gov.in/download/L2Fzc2V0cy9maWxlcy9maXIvMTczNTMxNjIxN1JDMDMyMjAyNUEwMDIwLnBkZg==
RC0042025A0012,,,https://cbi.gov.in/download/L2Fzc2V0cy9maWxlcy9maXIvOTg3Mjk3ODU1RklSIFJDMDA0MjAyNUEwMDEyIGZvciB1cGxvYWRpbmcucGRm
RC2202025E0019,,,https://cbi.gov.in/download/L2Fzc2V0cy9maWxlcy9maXIvMTg1OTQ4NTg2NkZJUi1pbiBSQy0xOS0yNS5wZGY=
RC0242025A0013,,,https://cbi.gov.in/download/L2Fzc2V0cy9maWxlcy9maXIvMTcwNjQyMTY2RklSIFJDMTMtQS0yMDI1LVIucGRm
RC0052025A0019,,,https://cbi.gov.in/download/L2Fzc2V0cy9maWxlcy9maXIvMTEyMjMzOTAzMFJDMDA1MjAyNUEwMDE5LnBkZg==
RC0032025A0060,,,https://cbi.gov.in/download/L2Fzc2V0cy9maWxlcy9maXIvMTE5ODA2MTQxMFJDMDAzMjAyNUEwMDYwLnBkZg==
RC1222025A0013,,,https://cbi.gov.in/download/L2Fzc2V0cy9maWxlcy9maXIvMjI2ODA2NzkwRklSIFJDMTIyMjAyNUEwMDEzLnBkZg==
RC0572025S0010,,,https://cbi.gov.in/download/L2Fzc2V0cy9maWxlcy9maXIvMTA3ODA3MzIyMEZJUiBSQzA1NzIwMjVTMDAxMC5wZGY=
RC0352025A0013,,,https://cbi.gov.in/download/L2Fzc2V0cy9maWxlcy9maXIvMTY4NTgwMTY5MlJDMDM1MjAyNUEwMDEzX0ZJUi5wZGY=
RC0302025A0013,,,https://cbi.gov.in/download/L2Fzc2V0cy9maWxlcy9maXIvNDY5NzEzMjUzUkMwMzAyMDI1QTAwMTMucGRm
RC0172025A0012,,,https://cbi.gov.in/download/L2Fzc2V0cy9maWxlcy9maXIvNjUzMTk2NjE1RklSIGluIFJDMDE3MjAyNUEwMDEyLnBkZg==
RC0042025A0011,,,https://cbi.gov.in/download/L2Fzc2V0cy9maWxlcy9maXIvMzA1OTExMzkyUkMwMDQyMDI1QTAwMTEucGRm
RC0172025S0011,,,https://cbi.gov.in/download/L2Fzc2V0cy9maWxlcy9maXIvNzI1NzIyMjI0RklSIGluIFJDMDE3MjAyNVMwMDExLnBkZg==
RC0092025A0006,,,https://cbi.gov.in/download/L2Fzc2V0cy9maWxlcy9maXIvNjk5Njk5NTkxRklSIG9mIFJDMDA5MjAyNUEwMDA2LnBkZg==
RC0152025A0034,,,https://cbi.gov.in/download/L2Fzc2V0cy9maWxlcy9maXIvMTc2ODE5NjU3M1JDMDE1MjAyNUEwMDM0LnBkZg==
RC0062025A0027,,,https://cbi.gov.in/download/L2Fzc2V0cy9maWxlcy9maXIvMTY3ODAxMDM2MFJDMDA2MjAyNUEwMDI3LnBkZg==
RC0572025S0009,,,https://cbi.gov.in/download/L2Fzc2V0cy9maWxlcy9maXIvMTMxNTQ0NjMwNlJDMDU3MjAyNVMwMDA5LnBkZg==
RC0562025S0004,,,https://cbi.gov.in/download/L2Fzc2V0cy9maWxlcy9maXIvMTMwMzg0ODg0NEZJUiB1cGxvYWQucGRm
RC0732025E0005,,,https://cbi.gov.in/download/L2Fzc2V0cy9maWxlcy9maXIvMTI4NDM3NzcxNVJDIDA1IEUgMjAyNS5wZGY=
RC0262025A0044,,,https://cbi.gov.in/download/L2Fzc2V0cy9maWxlcy9maXIvMTAxNjQwMDU1NUZJUiBSQzAyNjIwMjVBMDA0NC5wZGY=
RC0102025A0003,,,https://cbi.gov.in/download/L2Fzc2V0cy9maWxlcy9maXIvMTM1MDkwNzgzMUZJUi5wZGY=
RC0062025A0026,,,https://cbi.gov.in/download/L2Fzc2V0cy9maWxlcy9maXIvNzU2NDMyNzQ3UkMwMDYyMDI1QTAwMjYucGRm
RC0032025A0059,,,https://cbi.gov.in/download/L2Fzc2V0cy9maWxlcy9maXIvNzYxNjY0NzcyUkMwMDMyMDI1QTAwNTkucGRm
RC0032025A0058,,,https://cbi.gov.in/download/L2Fzc2V0cy9maWxlcy9maXIvMTI5NjI1MzgzMlJDMDAzMjAyNUEwMDU4LnBkZg==
RC0202025A0004,,,https://cbi.gov.in/download/L2Fzc2V0cy9maWxlcy9maXIvNDQ1NjQxNjI0RklSIGluIFJDNEEyMDI1U0hHLnBkZg==
RC0052025A0018,,,https://cbi.gov.in/download/L2Fzc2V0cy9maWxlcy9maXIvMTE4MDg3MzA1MFJDMDA1MjAyNUEwMDE4LnBkZg==
RC0052025A0017,,,https://cbi.gov.in/download/L2Fzc2V0cy9maWxlcy9maXIvMTgwMTAwNTI5OFJDMDA1MjAyNUEwMDE3LnBkZg==
RC0682025E0009,,,https://cbi.gov.in/download/L2Fzc2V0cy9maWxlcy9maXIvMTQzMzEyMzMxNEZJUiBSQzA2ODIwMjVFMDAwOS5wZGY=
RC0482025S0009,,,https://cbi.gov.in/download/L2Fzc2V0cy9maWxlcy9maXIvMzEzODIwMzUyUkMwNDgyMDI1UzAwMDkucGRm
RC0282025A0006,,,https://cbi.gov.in/download/L2Fzc2V0cy9maWxlcy9maXIvMjA4NDE4MDQ3OEZJUiAwNj0yMDI1LnBkZg==
RC1222025A0012,,,https://cbi.gov.in/download/L2Fzc2V0cy9maWxlcy9maXIvNzUwNzM4NTU4RklSIFJDMTIyMjAyNUEwMDEyLnBkZg==
RC1222025A0011,,,https://cbi.gov.in/download/L2Fzc2V0cy9maWxlcy9maXIvODI0NTcyNDM1RklSIFJDMTIyMjAyNUEwMDExLnBkZg==
RC0262025A0043,,,https://cbi.gov.in/download/L2Fzc2V0cy9maWxlcy9maXIvNDk4MDA0NDlGSVIgUkMwMjYyMDI1QTAwNDMucGRm
RC0312025A0009,,,https://cbi.gov.in/download/L2Fzc2V0cy9maWxlcy9maXIvMTUyMzM2ODkzNFJDMDMxMjAyNUEwMDA5LnBkZg==
RC0262025A0042,,,https://cbi.gov.in/download/L2Fzc2V0cy9maWxlcy9maXIvMTgwMzY5MjIxMkZJUiBSQzAyNjIwMjVBMDA0Mi5wZGY=
RC0072025A0005,,,https://cbi.gov.in/download/L2Fzc2V0cy9maWxlcy9maXIvMjM3NzAwOTg1UkMwMDcyMDI1QTAwMDUucGRm
RC2192025E0035,,,https://cbi.gov.in/download/L2Fzc2V0cy9maWxlcy9maXIvNTg5ODU2MzI3UkMgMjE5IDIwMjUgRTAwMzUgRklSLnBkZg==
RC2192025E0034,,,https://cbi.gov.in/download/L2Fzc2V0cy9maWxlcy9maXIvMTg4NjQ2OTU2NFJDIDIxOSAyMDI1IEUwMDM0IEZJUi5wZGY=
RC2192025E0033,,,https://cbi.gov.in/download/L2Fzc2V0cy9maWxlcy9maXIvODc4NzQwMDQ4UkMgMjE5IDIwMjUgRTAwMzMgRklSLnBkZg==
RC2192025E0032,,,https://cbi.gov.in/download/L2Fzc2V0cy9maWxlcy9maXIvMTc2MTI1MDg3NFJDIDIxOSAyMDI1IEUwMDMyIEZJUi5wZGY=
RC2192025E0031,,,https://cbi.gov.in/download/L2Fzc2V0cy9maWxlcy9maXIvMTkzMDY3MzEzNFJDIDIxOSAyMDI1IEUwMDMxIEZJUi5wZGY=
RC2192025E0030,,,https://cbi.gov.in/download/L2Fzc2V0cy9maWxlcy9maXIvMTg4Mzk4MDM2NFJDIDIxOSAyMDI1IEUwMDMwIEZJUi5wZGY=
RC2172025A0021,,,https://cbi.gov.in/download/L2Fzc2V0cy9maWxlcy9maXIvMjAxMTM4MjE4OVJDMjE3MjAyNUEwMDIxLnBkZg==
RC0092025A0005,,,https://cbi.gov.in/download/L2Fzc2V0cy9maWxlcy9maXIvODI2MjExOTYyRklSIFJDMDA5MjAyNUEwMDA1LnBkZg==
RC0062025A0025,,,https://cbi.gov.in/download/L2Fzc2V0cy9maWxlcy9maXIvODY5MzA0MTAyUkMwMDYyMDI1QTAwMjUucGRm
RC0292025A0003,,,https://cbi.gov.in/download/L2Fzc2V0cy9maWxlcy9maXIvMjA1MTUxNTg0MVJDMDI5MjAyNUEwMDAzLnBkZg==
RC0152025A0033,,,https://cbi.gov.in/download/L2Fzc2V0cy9maWxlcy9maXIvMTczODgwMjQzOVJDIDMzIEEgMjAyNS5wZGY=
RC0152025A0032,,,https://cbi.gov.in/download/L2Fzc2V0cy9maWxlcy9maXIvNTM5NjYyMzIzUkMgMzIgQSAyMDI1LnBkZg==
RC0152025A0031,,,https://cbi.gov.in/download/L2Fzc2V0cy9maWxlcy9maXIvMTExMzU0MjkxNFJDLSAzMSBBIDIwMjUucGRm
RC0152025A0030,,,https://cbi.gov.in/download/L2Fzc2V0cy9maWxlcy9maXIvNzAzMjI3NTIwUkMgMzAgQSAyMDI1LnBkZg==
RC0152025A0029,,,https://cbi.gov.in/download/L2Fzc2V0cy9maWxlcy9maXIvMTEyNjQ3NjYwM1JDIDI5IEEgMjAyNS5wZGY=
RC0152025A0028,,,https://cbi.gov.in/download/L2Fzc2V0cy9maWxlcy9maXIvMTU2NzU1NjkwM1JDIDI4IEEgMjAyNS5wZGY=
RC0082025A0017,,,https://cbi.gov.in/download/L2Fzc2V0cy9maWxlcy9maXIvNzYzNjM1MDA3RklSIDE3IDI1LnBkZg==
RC0152025A0027,,,https://cbi.gov.in/download/L2Fzc2V0cy9maWxlcy9maXIvNDY3MzQzNDMzUkMgMjcgQSAyMDI1LnBkZg==
RC0152025A0026,,,https://cbi.gov.in/download/L2Fzc2V0cy9maWxlcy9maXIvMTY2MjA1NTc0MVJDIDI2IEEgMjAyNS5wZGY=
RC1232025A0007,,,https://cbi.gov.in/download/L2Fzc2V0cy9maWxlcy9maXIvMTQyMzk0MDk3M1JDMTIzMjAyNUEwMDA3LnBkZg==
RC0152025A0025,,,https://cbi.gov.in/download/L2Fzc2V0cy9maWxlcy9maXIvMTE2NzQ0NTQ2NUZJUi1SQzAxNTIwMjVBMDAyNS5wZGY=
RC0152025A0024,,,https://cbi.gov.in/download/L2Fzc2V0cy9maWxlcy9maXIvMTQ3Mzc2MDg2OUZJUi1SQzAxNTIwMjVBMDAyNC5wZGY=
RC0152025A0023,,,https://cbi.gov.in/download/L2Fzc2V0cy9maWxlcy9maXIvMTg2MTE4MTM1MkZJUi1SQzAxNTIwMjVBMDAyMy5wZGY=
RC0152025A0022,,,https://cbi.gov.in/download/L2Fzc2V0cy9maWxlcy9maXIvMTMwNDM4MjM0N0ZJUi0gUkMwMTUyMDI1QTAwMjIucGRm
RC0032025A0057,,,https://cbi.gov.in/download/L2Fzc2V0cy9maWxlcy9maXIvMTY2OTg1ODAyNFJDMDAzMjAyNUEwMDU3LnBkZg==
RC2212025E0010,,,https://cbi.gov.in/download/L2Fzc2V0cy9maWxlcy9maXIvODYwNDIzODc4RklSIFJDIDEwLUUtMjAyNSBEdDE3MDkyMDI1LnBkZg==
RC0232025A0029,,,https://cbi.gov.in/download/L2Fzc2V0cy9maWxlcy9maXIvMTE3MDE2NTEwMEZJUjI5MjUucGRm
RC0152025A0021,,,https://cbi.gov.in/download/L2Fzc2V0cy9maWxlcy9maXIvMTgwMzYxNzM0OUZJUi1SQzAxNTIwMjVBMDAyMS5wZGY=
RC0152025A0020,,,https://cbi.gov.in/download/L2Fzc2V0cy9maWxlcy9maXIvMTcyOTQ3MjQ1NUZJUi1SQzAxNTIwMjVBMDAyMC5wZGY=
RC0152025A0019,,,https://cbi.gov.in/download/L2Fzc2V0cy9maWxlcy9maXIvMzc0MTI1NjRGSVItUkMwMTUyMDI1QTAwMTkucGRm
RC0152025A0018,,,https://cbi.gov.in/download/L2Fzc2V0cy9maWxlcy9maXIvNDE0ODk5MzlGSVItUkMwMTUyMDI1QTAwMTgucGRm
RC0152025A0017,,,https://cbi.gov.in/download/L2Fzc2V0cy9maWxlcy9maXIvMzM3Mzg0MTUxRklSLVJDMDE1MjAyNUEwMDE3LnBkZg==
RC0032025A0056,,,https://cbi.gov.in/download/L2Fzc2V0cy9maWxlcy9maXIvODI0NzkwMjYxUkMwMDMyMDI1QTAwNTYucGRm
RC0152025A0016,,,https://cbi.gov.in/download/L2Fzc2V0cy9maWxlcy9maXIvMjI1MTU5MDk5UkMxNihBKTIwMjUgQkJTXzAwMDIucGRm
RC0152025A0015,,,https://cbi.gov.in/download/L2Fzc2V0cy9maWxlcy9maXIvMTIwNTQ3NzcyOVJDMDE1MjAyNUEwMDE1XzAwMDEucGRm
RC0152025A0014,,,https://cbi.gov.in/download/L2Fzc2V0cy9maWxlcy9maXIvMTcwODIwODAxUkMxNEEyMDI1LnBkZg==
RC0152025A0013,,,https://cbi.gov.in/download/L2Fzc2V0cy9maWxlcy9maXIvNTU3ODgzMDUyUkMxM0EyMDI1LnBkZg==
RC0152025A0012,,,https://cbi.gov.in/download/L2Fzc2V0cy9maWxlcy9maXIvMjc2OTI3NDE2UkMxMkEyMDI1LnBkZg==
RC0052025A0016,,,https://cbi.gov.in/download/L2Fzc2V0cy9maWxlcy9maXIvMTA1MTg2NTkyM1JDMDA1MjAyNUEwMDE2LnBkZg==
RC0302025A0012,,,https://cbi.gov.in/download/L2Fzc2V0cy9maWxlcy9maXIvMTE2NTE5MzUxOFJDMDMwMjAyNUEwMDEyLnBkZg==
RC0282025A0005,,,https://cbi.gov.in/download/L2Fzc2V0cy9maWxlcy9maXIvMTM4MjkwOTI3MkZJUiBSQzAyODIwMjVBMDAwNS5wZGY=
RC0152025A0011,,,https://cbi.gov.in/download/L2Fzc2V0cy9maWxlcy9maXIvMzYxMzIyODE3RklSLVJDMDE1MjAyNUEwMDExLnBkZg==
RC0082025A0016,,,https://cbi.gov.in/download/L2Fzc2V0cy9maWxlcy9maXIvMTY3NjU4OTAwMFJDMDA4MjAyNUEwMDE2LnBkZg==
RC0082025A0015,,,https://cbi.gov.in/download/L2Fzc2V0cy9maWxlcy9maXIvNzY0NjU1MTA3RklSIFJDMDA4MjAyNUEwMDE1LnBkZg==
RC0572025S0008,,,https://cbi.gov.in/download/L2Fzc2V0cy9maWxlcy9maXIvMjIzNTE0NzQ3UkMwNTcyMDI1UzAwMDgucGRm
RC0572025S0007,,,https://cbi.gov.in/download/L2Fzc2V0cy9maWxlcy9maXIvMzc3MTYyOTIzUkMwNTcyMDI1UzAwMDcucGRm
RC0572025S0006,,,https://cbi.gov.in/download/L2Fzc2V0cy9maWxlcy9maXIvOTM5OTA3MDU3UkMwNTcyMDI1UzAwMDYucGRm
RC0302025A0011,,,https://cbi.gov.in/download/L2Fzc2V0cy9maWxlcy9maXIvMTQ3MDkxMDY2N1JDMDMwMjAyNUEwMDExLnBkZg==
RC0262025A0041,,,https://cbi.gov.in/download/L2Fzc2V0cy9maWxlcy9maXIvMjA3ODUyMTk5RklSIGluIFJDMDI2MjAyNUEwMDQxLnBkZg==
RC0172025A0010,,,https://cbi.gov.in/download/L2Fzc2V0cy9maWxlcy9maXIvMTkyNjYxNDgwM0ZJUiBpbiBSQzAxNzIwMjVBMDAxMC5wZGY=
RC0092025A0004,,,https://cbi.gov.in/download/L2Fzc2V0cy9maWxlcy9maXIvNTcwMTY2ODE5RklSIFJDMDA5MjAyNUEwMDA0LnBkZg==
RC0032025A0055,,,https://cbi.gov.in/download/L2Fzc2V0cy9maWxlcy9maXIvNzY3OTc0OTc3UkMwMDMyMDI1QTAwNTUucGRm
RC0322025A0019,,,https://cbi.gov.in/download/L2Fzc2V0cy9maWxlcy9maXIvMTU0Njk1NTc3MUZJUiAxOSBvZiAyMDI1LnBkZg==
RC0032025A0054,,,https://cbi.gov.in/download/L2Fzc2V0cy9maWxlcy9maXIvMTIzMDEzMjQ3OFJDMDAzMjAyNUEwMDU0LnBkZg==
RC0062025A0024,,,https://cbi.gov.in/download/L2Fzc2V0cy9maWxlcy9maXIvMjAyMzU2NjU0NVJDMDA2MjAyNUEwMDI0LnBkZg==
RC0032025A0053,,,https://cbi.gov.in/download/L2Fzc2V0cy9maWxlcy9maXIvNTU4OTg3MzE0UkMwMDMyMDI1QTAwNTMucGRm
RC2162025A0013,,,https://cbi.gov.in/download/L2Fzc2V0cy9maWxlcy9maXIvOTM5OTQwMTVSQzIxNjIwMjVBMDAxMy5wZGY=
RC0772025E0001,,,https://cbi.gov.in/download/L2Fzc2V0cy9maWxlcy9maXIvMTgwMzM2NzcxNVJDLjEgRSAyMDI1LnBkZg==
RC0692025E0006,,,https://cbi.gov.in/download/L2Fzc2V0cy9maWxlcy9maXIvMTczOTU1NzE1OEZJUiBpbiBSQzA2OTIwMjVFMDAwNi5wZGY=
RC0502025S0010,,,https://cbi.gov.in/download/L2Fzc2V0cy9maWxlcy9maXIvMTQyMzY2NTEzMVJDIDA1MDIwMjVTMDAxMCBGSVIucGRm
RC0172025A0009,,,https://cbi.gov.in/download/L2Fzc2V0cy9maWxlcy9maXIvMTcwNzI5NDE5N0ZJUiBpbiBSQzAxNzIwMjVBMDAwOS5wZGY=
RC0252025A0008,,,https://cbi.gov.in/download/L2Fzc2V0cy9maWxlcy9maXIvOTcwMzUyNzkwRklSIG9mIFJDMDgoQSkyNS1ELnBkZg==
RC1202025A0018,,,https://cbi.gov.in/download/L2Fzc2V0cy9maWxlcy9maXIvOTIxNzA0NDY5RklSIFJDMTIwMjAyNUEwMDE4LnBkZg==
RC0352025A0012,,,https://cbi.gov.in/download/L2Fzc2V0cy9maWxlcy9maXIvNDcxMjU0Njk0RklSIGluIFJDIDEyIG9mIDIwMjUwMDEucGRm
RC2182025A0018,,,https://cbi.gov.in/download/L2Fzc2V0cy9maWxlcy9maXIvMTgwMjk4NDUwNFJDMjE4MjAyNUEwMDE4LnBkZg==
RC1202025A0017,,,https://cbi.gov.in/download/L2Fzc2V0cy9maWxlcy9maXIvMTg1MjQ5NTZSQzEyMDIwMjVBMDAxNy5wZGY=
RC0032025A0052,,,https://cbi.gov.in/download/L2Fzc2V0cy9maWxlcy9maXIvMTkzOTYwNTUzMVJDMDAzMjAyNUEwMDUyLnBkZg==
RC0032025A0051,,,https://cbi.gov.in/download/L2Fzc2V0cy9maWxlcy9maXIvMTA3MjQwNTQ2OVJDMDAzMjAyNUEwMDUxLnBkZg==
RC0372025A0001,,,https://cbi.gov.in/download/L2Fzc2V0cy9maWxlcy9maXIvNDg2Nzc4MFJDMDM3MjAyNUEwMDAxLnBkZg==
RC0322025A0018,,,https://cbi.gov.in/download/L2Fzc2V0cy9maWxlcy9maXIvODQ0Mzk0MTMzRklSIDE4IG9mIDIwMjUucGRm
RC0242025A0012,,,https://cbi.gov.in/download/L2Fzc2V0cy9maWxlcy9maXIvMjA0NDU4MjU5M0ZJUiBpbiBSQzAyNDIwMjVBMDAxMi5wZGY=
RC0732025E0004,,,https://cbi.gov.in/download/L2Fzc2V0cy9maWxlcy9maXIvMTAxOTE4MTQ5UkMwNzMyMDI1RTAwMDQucGRm
RC0522025S0009,,,https://cbi.gov.in/download/L2Fzc2V0cy9maWxlcy9maXIvNjI5MDEwODEzRklSIE5vIDA5KFMpMjAyNS5wZGY=
RC2212025E0009,,,https://cbi.gov.in/download/L2Fzc2V0cy9maWxlcy9maXIvMTY1NzYwMDUxM1JDMjIxMjAyNUUwMDA5IEVPMy5wZGY=
RC0362025A0013,,,https://cbi.gov.in/download/L2Fzc2V0cy9maWxlcy9maXIvNjE1NjE0NTc4UkMwMzYyMDI1QTAwMTMucGRm
RC0302025A0010,,,https://cbi.gov.in/download/L2Fzc2V0cy9maWxlcy9maXIvOTI1NTkzNTkzUkMgMDMwMjAyNUEwMDEwLnBkZg==
RC0062025A0023,,,https://cbi.gov.in/download/L2Fzc2V0cy9maWxlcy9maXIvMjAwMjMyMjQ1MFJDMDA2MjAyNUEwMDIzLnBkZg==
RC0682025E0008,,,https://cbi.gov.in/download/L2Fzc2V0cy9maWxlcy9maXIvOTIwNjM0NjIzRklSIFJDMDY4MjAyNUUwMDA4LnBkZg==
RC0502025S0009,,,https://cbi.gov.in/download/L2Fzc2V0cy9maWxlcy9maXIvMTEwODc0NjU3MVJDMDUwMjAyNVMwMDA5LnBkZg==
RC0302025A0009,,,https://cbi.gov.in/download/L2Fzc2V0cy9maWxlcy9maXIvMTY0NDE4NTE2MVJDMDMwMjAyNUEwMDA5LnBkZg==
RC0282025A0004,,,https://cbi.gov.in/download/L2Fzc2V0cy9maWxlcy9maXIvMTAwMjI1NDMyOVJDMDI4MjAyNUEwMDA0LnBkZg==
RC0042025A0010,,,https://cbi.gov.in/download/L2Fzc2V0cy9maWxlcy9maXIvMTUxNzAyNzU1N1JDMDA0MjAyNUEwMDEwLnBkZg==
RC0032025A0050,,,https://cbi.gov.in/download/L2Fzc2V0cy9maWxlcy9maXIvMTQ5MzA3MDAxN1JDMDAzMjAyNUEwMDUwLnBkZg==
RC0032025A0049,,,https://cbi.gov.in/download/L2Fzc2V0cy9maWxlcy9maXIvNDY5NzMwODQxUkMwMDMyMDI1QTAwNDkucGRm
RC0342025E0010,,,https://cbi.gov.in/download/L2Fzc2V0cy9maWxlcy9maXIvMTk3NzE5NTY4OVJDMDM0MjAyNUUwMDEwLnBkZg==
RC0342025E0009,,,https://cbi.gov.in/download/L2Fzc2V0cy9maWxlcy9maXIvMTQxOTA0NzYyN1JDMDM0MjAyNUUwMDA5LnBkZg==
RC0342025E0008,,,https://cbi.gov.in/download/L2Fzc2V0cy9maWxlcy9maXIvNzI1NzE4OTU1UkMwMzQyMDI1RTAwMDgucGRm
RC0742025E0005,,,https://cbi.gov.in/download/L2Fzc2V0cy9maWxlcy9maXIvMjAyOTEzOTA4NEZJUiAwNS0yMDI1XzAwMDEucGRm
RC0322025A0017,,,https://cbi.gov.in/download/L2Fzc2V0cy9maWxlcy9maXIvMTM4NTM5MzAxMkZJUiAxNyBvZiAyMDI1LnBkZg==
RC0152025A0010,,,https://cbi.gov.in/download/L2Fzc2V0cy9maWxlcy9maXIvMzE3ODU0MTQ4RklSLVJDMDE1MjAyNUEwMDEwLnBkZg==
RC2192025E0029,,,https://cbi.gov.in/download/L2Fzc2V0cy9maWxlcy9maXIvMTQwMzA1MzczMERPQy0yMDI1MDgyMy1XQTAwMTUuLnBkZg==
RC2172025A0020,,,https://cbi.gov.in/download/L2Fzc2V0cy9maWxlcy9maXIvMTYyNjE5NjM4RklSIG9mIFJDIDIwIEEgMjAyNS5wZGY=
RC0322025A0016,,,https://cbi.gov.in/download/L2Fzc2V0cy9maWxlcy9maXIvMzQ4Njg5ODMzRklSIGluIFJDIDE2IDIwMjUucGRm
RC0152025A0009,,,https://cbi.gov.in/download/L2Fzc2V0cy9maWxlcy9maXIvMTkxODE4MDIzMlJDMDE1MjAyNUEwMDA5IEZPUiBVUExPQURJTkcucGRm
RC0352025A0011,,,https://cbi.gov.in/download/L2Fzc2V0cy9maWxlcy9maXIvMTQyNzk4MjE0NEZJUiBpbiBSQyAxMSBvZiAyMDI1MDAxIGZpbmFsLnBkZg==
RC2312025S0005,,,https://cbi.gov.in/download/L2Fzc2V0cy9maWxlcy9maXIvMTg5MjY4NTEzOVJDMjMxMjAyNVMwMDA1LnBkZg==
RC2202025E0018,,,https://cbi.gov.in/download/L2Fzc2V0cy9maWxlcy9maXIvMTczNjY3NjA1N0ZJUi1pbiBSQy0xOC0yNS5wZGY=
RC2202025E0017,,,https://cbi.gov.in/download/L2Fzc2V0cy9maWxlcy9maXIvNzg5MzAwNTNGSVItaW4gUkMtMTctMjUucGRm
RC2172025A0019,,,https://cbi.gov.in/download/L2Fzc2V0cy9maWxlcy9maXIvMjA5MjY3MzQwNkZJUiBSQzIxNzIwMjVBMDAxOS5wZGY=
RC0052025A0015,,,https://cbi.gov.in/download/L2Fzc2V0cy9maWxlcy9maXIvMTI4OTM1NTI1NFJDMDA1MjAyNUEwMDE1LnBkZg==
RC1202025A0016,,,https://cbi.gov.in/download/L2Fzc2V0cy9maWxlcy9maXIvMTY0OTY4NDc1OEZJUiBSQzEyMDIwMjVBMDAxNi5wZGY=
RC0682025E0007,,,https://cbi.gov.in/download/L2Fzc2V0cy9maWxlcy9maXIvNzQ1OTQ0Nzk3RklSIFJDMDY4MjAyNUUwMDA3LnBkZg==
RC0682025E0006,,,https://cbi.gov.in/download/L2Fzc2V0cy9maWxlcy9maXIvMTU0NzU0OTQwNUZJUiBSQzA2ODIwMjVFMDAwNi5wZGY=
RC0232025S0028,,,https://cbi.gov.in/download/L2Fzc2V0cy9maWxlcy9maXIvODA4NzI4MjY2UkMyOF8yNS5wZGY=
RC0232025S0027,,,https://cbi.gov.in/download/L2Fzc2V0cy9maWxlcy9maXIvMTI2Nzc3NzczNFJDMjdfMjUucGRm
RC0232025S0026,,,https://cbi.gov.in/download/L2Fzc2V0cy9maWxlcy9maXIvNTc2Nzg2NzIwRklSIFJDMjZfMjUucGRm
RC0032025A0048,,,https://cbi.gov.in/download/L2Fzc2V0cy9maWxlcy9maXIvMTgzODc2MTMzMFJDMDAzMjAyNUEwMDQ4LnBkZg==
RC0682025E0005,,,https://cbi.gov.in/download/L2Fzc2V0cy9maWxlcy9maXIvNzM3NjIzMzkzRklSIGluIFJDMDY4MjAyNUUwMDA1LnBkZg==
RC0342025S0007,,,https://cbi.gov.in/download/L2Fzc2V0cy9maWxlcy9maXIvMTM3NTE4MDg0N0ZJUiBSQyAwMzQyMDI1UzAwMDcucGRm
RC2202025E0016-EO-II,,,https://cbi.gov.in/download/L2Fzc2V0cy9maWxlcy9maXIvMjAxNTcwNjc2MUZJUiAxNi0yMDI1LnBkZg==
RC0592025A0013,,,https://cbi.gov.in/download/L2Fzc2V0cy9maWxlcy9maXIvMTI3OTI4NjM1MkZJUiBSQyAwNTkyMDI1QTAwMTMucGRm
RC 229 2025 A 0004,,,https://cbi.gov.in/download/L2Fzc2V0cy9maWxlcy9maXIvMTI1Nzg3NzQzNUZJUiA0IDI1LnBkZg==
RC1242025A0004,,,https://cbi.gov.in/download/L2Fzc2V0cy9maWxlcy9maXIvMTE4MjQ3NTk3MVJDMTI0MjAyNUEwMDA0LnBkZg==
RC0262025A0040,,,https://cbi.gov.in/download/L2Fzc2V0cy9maWxlcy9maXIvMjA1NjYwOTU4MkZJUiBSQzAyNjIwMjVBMDA0MC5wZGY=
RC0152025A0008,,,https://cbi.gov.in/download/L2Fzc2V0cy9maWxlcy9maXIvMTA5Mjc0NjI1MVJDMDE1MjAyNUEwMDA4LnBkZg==
RC0032025A0047,,,https://cbi.gov.in/download/L2Fzc2V0cy9maWxlcy9maXIvODk4MDQxODg3UkMwMDMyMDI1QTAwNDcucGRm
RC0732025E0003,,,https://cbi.gov.in/download/L2Fzc2V0cy9maWxlcy9maXIvMTY3MzQwOTYyNkZJUiAwMyBvZiAyMDI1IC0gRU9CIEtvbC5wZGY=
RC0062025A0022,,,https://cbi.gov.in/download/L2Fzc2V0cy9maWxlcy9maXIvMTA5MDQ5NjA5NVJDMDA2MjAyNUEwMDIyLnBkZg==
RC0032025A0046,,,https://cbi.gov.in/download/L2Fzc2V0cy9maWxlcy9maXIvNjc1NjMyMDM2UkMwMDMyMDI1QTAwNDYucGRm
RC0362025A0012,,,https://cbi.gov.in/download/L2Fzc2V0cy9maWxlcy9maXIvMTcwODcwODAwRklSIGluIFJDIDEyIEEgMjAyNSAtQ0JJIFZTUC5wZGY=
RC0232025A0025,,,https://cbi.gov.in/download/L2Fzc2V0cy9maWxlcy9maXIvNTU0ODg5MjNGSVIgUkMyNV8yNS5wZGY=
RC0232025A0024,,,https://cbi.gov.in/download/L2Fzc2V0cy9maWxlcy9maXIvNTAwMTkzNzI1RklSIFJDMjRfMjUucGRm
RC0232025A0023,,,https://cbi.gov.in/download/L2Fzc2V0cy9maWxlcy9maXIvNjkzMTIwMDgwRklSIFJDMjNfMjUucGRm
RC0032025A0045,,,https://cbi.gov.in/download/L2Fzc2V0cy9maWxlcy9maXIvMTY2MjU2NTIwOVJDMDAzMjAyNUEwMDQ1LnBkZg==
RC0032025A0044,,,https://cbi.gov.in/download/L2Fzc2V0cy9maWxlcy9maXIvMTU5NDg3MDEwNFJDMDAzMjAyNUEwMDQ0LnBkZg==
RC0582025S0008,,,https://cbi.gov.in/download/L2Fzc2V0cy9maWxlcy9maXIvOTQ0NzE2NjMyUkMwNTgyMDI1UzAwMDhfRmlyX1ZlcjQucGRm
RC0262025A0039,,,https://cbi.gov.in/download/L2Fzc2V0cy9maWxlcy9maXIvNjI0NDg3MTIxRklSIFJDMDI2MjAyNUEwMDM5LnBkZg==
RC0582025S0007,,,https://cbi.gov.in/download/L2Fzc2V0cy9maWxlcy9maXIvNTQzNDM4MzJSQzA1ODIwMjVTMDAwN19GSVIucGRm
RC2202025E0015 EO-II,,,https://cbi.gov.in/download/L2Fzc2V0cy9maWxlcy9maXIvMTQ5MjE4NDczNlJDIDE1LTIwMjUucGRm
RC2202025E0014 EO-II,,,https://cbi.gov.in/download/L2Fzc2V0cy9maWxlcy9maXIvMTgxODc3ODkyNlJDIDE0LTIwMjUucGRm
RC2162025A0012,,,https://cbi.gov.in/download/L2Fzc2V0cy9maWxlcy9maXIvMTQzNzYwMTMxOFJDMjE2MjAyNUEwMDEyLnBkZg==
RC0512025S0005,,,https://cbi.gov.in/download/L2Fzc2V0cy9maWxlcy9maXIvMTA2ODEyODQ4OVJDMDUxMjAyNVMwMDA1LnBkZg==
RC0362025A0011,,,https://cbi.gov.in/download/L2Fzc2V0cy9maWxlcy9maXIvNzkxNTg4NzMzUkMwMzYyMDI1QTAwMTEucGRm
RC0032025A0043,,,https://cbi.gov.in/download/L2Fzc2V0cy9maWxlcy9maXIvNjIwOTY0ODQ1UkMwMDMyMDI1QTAwNDMucGRm
RC2192025E0028,,,https://cbi.gov.in/download/L2Fzc2V0cy9maWxlcy9maXIvNTU1MzIzNjkxUkMyMTkyMDI1RTAwMjgucGRm
RC2192025E0027,,,https://cbi.gov.in/download/L2Fzc2V0cy9maWxlcy9maXIvMjQ5MDk3OTQwUkMyMTkyMDI1RTAwMjcucGRm
RC2192025E0026,,,https://cbi.gov.in/download/L2Fzc2V0cy9maWxlcy9maXIvMjAzNjg4NTA2OVJDMjE5MjAyNUUwMDI2LnBkZg==
RC2192025E0025,,,https://cbi.gov.in/download/L2Fzc2V0cy9maWxlcy9maXIvNDIyNzY2NjAwUkMyMTkyMDI1RTAwMjUucGRm
RC2192025E0024,,,https://cbi.gov.in/download/L2Fzc2V0cy9maWxlcy9maXIvMTI0MTY0MjA0MFJDMjE5MjAyNUUwMDI0LnBkZg==
RC2192025E0023,,,https://cbi.gov.in/download/L2Fzc2V0cy9maWxlcy9maXIvNDE4ODMyNTlSQzIxOTIwMjVFMDAyMy5wZGY=
RC2192025E0022,,,https://cbi.gov.in/download/L2Fzc2V0cy9maWxlcy9maXIvNDU3ODU1OTk2UkMyMTkyMDI1RTAwMjIucGRm
RC2192025E0021,,,https://cbi.gov.in/download/L2Fzc2V0cy9maWxlcy9maXIvMzc4MjY2NThSQzIxOTIwMjVFMDAyMS5wZGY=
RC2192025E0020,,,https://cbi.gov.in/download/L2Fzc2V0cy9maWxlcy9maXIvNzE4NDUxMTYyUkMyMTkyMDI1RTAwMjAucGRm
RC2192025E0019,,,https://cbi.gov.in/download/L2Fzc2V0cy9maWxlcy9maXIvMTU3OTc4MjY2NFJDMjE5MjAyNUUwMDE5LnBkZg==
RC2192025E0018,,,https://cbi.gov.in/download/L2Fzc2V0cy9maWxlcy9maXIvMTcxNTY2ODgyNFJDMjE5MjAyNUUwMDE4LnBkZg==
RC2192025E0017,,,https://cbi.gov.in/download/L2Fzc2V0cy9maWxlcy9maXIvMTY5MzMwMTY2NlJDMjE5MjAyNUUwMDE3LnBkZg==
RC2192025E0016,,,https://cbi.gov.in/download/L2Fzc2V0cy9maWxlcy9maXIvMTIxNTkxMjE5MlJDMjE5MjAyNUUwMDE2LnBkZg==
RC2192025E0015,,,https://cbi.gov.in/download/L2Fzc2V0cy9maWxlcy9maXIvMTkyMDYzNTE3OFJDMjE5MjAyNUUwMDE1LnBkZg==
RC2192025E0014,,,https://cbi.gov.in/download/L2Fzc2V0cy9maWxlcy9maXIvMTAwNzE0MjY2OVJDMjE5MjAyNUUwMDE0LnBkZg==
RC2192025E0013,,,https://cbi.gov.in/download/L2Fzc2V0cy9maWxlcy9maXIvMTU0MTkxMTI1MFJDMjE5MjAyNUUwMDEzLnBkZg==
RC2192025E0012,,,https://cbi.gov.in/download/L2Fzc2V0cy9maWxlcy9maXIvMTM3ODc4NzIzMFJDMjE5MjAyNUUwMDEyLnBkZg==
RC2192025E0011,,,https://cbi.gov.in/download/L2Fzc2V0cy9maWxlcy9maXIvNjgxNTg3OTMwUkMyMTkyMDI1RTAwMTEucGRm
RC2192025E0010,,,https://cbi.gov.in/download/L2Fzc2V0cy9maWxlcy9maXIvMTA2NzcwMTU0NFJDMjE5MjAyNUUwMDEwLnBkZg==
RC2192025E0009,,,https://cbi.gov.in/download/L2Fzc2V0cy9maWxlcy9maXIvODI3NDk2MzgyUkMyMTkyMDI1RTAwMDkucGRm
RC2192025E0008,,,https://cbi.gov.in/download/L2Fzc2V0cy9maWxlcy9maXIvMjE4MjY1NTU4UkMyMTkyMDI1RTAwMDgucGRm
RC2192025E0007,,,https://cbi.gov.in/download/L2Fzc2V0cy9maWxlcy9maXIvMTUzMDA5NTUyMVJDMjE5MjAyNUUwMDA3LnBkZg==
RC0032025A0042,,,https://cbi.gov.in/download/L2Fzc2V0cy9maWxlcy9maXIvMTk5NjQ1OTE3OFJDMDAzMjAyNUEwMDQyLnBkZg==
RC0482025S0008,,,https://cbi.gov.in/download/L2Fzc2V0cy9maWxlcy9maXIvMTU1MDMyNTU0MFJDOFMyMDI1XzAwMDEucGRm
RC2182025A0015,,,https://cbi.gov.in/download/L2Fzc2V0cy9maWxlcy9maXIvMTcyMTQyODc0MlJDMjE4MjAyNUEwMDE1LnBkZg==
RC1222025A0010,,,https://cbi.gov.in/download/L2Fzc2V0cy9maWxlcy9maXIvMTAzNTQzODE2N0ZJUiBSQzEyMjIwMjVBMDAxMC5wZGY=
RC1212025S0002,,,https://cbi.gov.in/download/L2Fzc2V0cy9maWxlcy9maXIvMTA4MjY0MjAwNVJDMTIxMjAyNVMwMDAyLnBkZg==
RC0502025S0008,,,https://cbi.gov.in/download/L2Fzc2V0cy9maWxlcy9maXIvNDQ0NDU1OTI0UkMwNTAyMDI1UzAwMDgucGRm
RC0502025S0007,,,https://cbi.gov.in/download/L2Fzc2V0cy9maWxlcy9maXIvOTAzMTM2MTc2UkMwNTAyMDI1UzAwMDcucGRm
RC0262025A0038,,,https://cbi.gov.in/download/L2Fzc2V0cy9maWxlcy9maXIvNzgxMDE0NjczRklSIFJDMDI2MjAyNUEwMDM4LnBkZg==
RC0232025A0022,,,https://cbi.gov.in/download/L2Fzc2V0cy9maWxlcy9maXIvMjQyMjU1MTY2RklSIFJDMjJfMjUucGRm
RC0082025A0014,,,https://cbi.gov.in/download/L2Fzc2V0cy9maWxlcy9maXIvMTE2NjgwMTk0MVJDMDA4MjAyNUEwMDE0IEZJUi5wZGY=
RC0172025A0008,,,https://cbi.gov.in/download/L2Fzc2V0cy9maWxlcy9maXIvMTE3NTY2NTk3RklSIGluIFJDMDE3MjAyNUEwMDA4LnBkZg==
RC0232025A0021,,,https://cbi.gov.in/download/L2Fzc2V0cy9maWxlcy9maXIvMTc5NDk5Mjc0MlJDMjFfMjUucGRm
RC0052025A0014,,,https://cbi.gov.in/download/L2Fzc2V0cy9maWxlcy9maXIvMTY3OTk3Mzk1OFJDMDA1MjAyNUEwMDE0LnBkZg==
RC0052025A0013,,,https://cbi.gov.in/download/L2Fzc2V0cy9maWxlcy9maXIvNDMxMTU0NzAyUkMwMDUyMDI1QTAwMTMucGRm
RC2202025E0013,,,https://cbi.gov.in/download/L2Fzc2V0cy9maWxlcy9maXIvMjExMjgxMDg2NUZJUiAxMy0yMDI1LnBkZg==
RC2172025A0018,,,https://cbi.gov.in/download/L2Fzc2V0cy9maWxlcy9maXIvMTcwNDA5MTYwMkZJUiBSQy0xOEEtMjAyNS5wZGY=
RC1222025A0009,,,https://cbi.gov.in/download/L2Fzc2V0cy9maWxlcy9maXIvMTA0OTYyMzg0M0ZJUiBSQzEyMjIwMjVBMDAwOS5wZGY=
RC1222025A0008,,,https://cbi.gov.in/download/L2Fzc2V0cy9maWxlcy9maXIvODIwMjk1OTIzRklSIFJDMTIyMjAyNUEwMDA4LnBkZg==
RC0242025A0011,,,https://cbi.gov.in/download/L2Fzc2V0cy9maWxlcy9maXIvNjcxMzcxNTE0RklSIFJDMDI0MjAyNUEwMDExLnBkZg==
RC1222025A0007,,,https://cbi.gov.in/download/L2Fzc2V0cy9maWxlcy9maXIvNDYwNjkxODU0RklSIFJDMTIyMjAyNUEwMDA3LnBkZg==
RC0322025A0015,,,https://cbi.gov.in/download/L2Fzc2V0cy9maWxlcy9maXIvNDA0NTE3MTczRmlyc3QgSW5mb3JtYXRpb24gUmVwb3J0IFJDIDE1IEEgMjAyNV8wMDAxLnBkZg==
RC0032025A0041,,,https://cbi.gov.in/download/L2Fzc2V0cy9maWxlcy9maXIvMTY5Mzg1OTU5N1JDMDAzMjAyNUEwMDQxLnBkZg==
RC0032025A0040,,,https://cbi.gov.in/download/L2Fzc2V0cy9maWxlcy9maXIvODg3NDQwMjM3UkMwMDMyMDI1QTAwNDAucGRm
RC0302025A0008,,,https://cbi.gov.in/download/L2Fzc2V0cy9maWxlcy9maXIvMzg3MTI5MTEwUkMwMzAyMDI1QTAwMDgucGRm
RC0262025A0037,,,https://cbi.gov.in/download/L2Fzc2V0cy9maWxlcy9maXIvMzQ0ODUxNTg3RklSIFJDMDI2MjAyNUEwMDM3LnBkZg==
RC0262025A0036,,,https://cbi.gov.in/download/L2Fzc2V0cy9maWxlcy9maXIvMTU5NjM5NDI5RklSIFJDMDI2MjAyNUEwMDM2LnBkZg==
RC0262025A0035,,,https://cbi.gov.in/download/L2Fzc2V0cy9maWxlcy9maXIvMjA1MDgwOTU1MEZJUiBSQzAyNjIwMjVBMDAzNS5wZGY=
RC1222025A0006,,,https://cbi.gov.in/download/L2Fzc2V0cy9maWxlcy9maXIvMjA2ODk4NDIzN0ZJUiBSQzEyMjIwMjVBMDAwNi5wZGY=
RC0232025A0020,,,https://cbi.gov.in/download/L2Fzc2V0cy9maWxlcy9maXIvNTY0MjAzNTM5RklSIFJDMjBfMjUucGRm
RC2192025E0006,,,https://cbi.gov.in/download/L2Fzc2V0cy9maWxlcy9maXIvNTM1MjM3NjQyUkMyMTkyMDI1RTAwMDYucGRm
RC0232025A0019,,,https://cbi.gov.in/download/L2Fzc2V0cy9maWxlcy9maXIvMTgzNzg3NjI3UkMxOV8yNS5wZGY=
RC0232025A0018,,,https://cbi.gov.in/download/L2Fzc2V0cy9maWxlcy9maXIvODQyODg0OTA5UkMxOF8yNS5wZGY=
RC0102025A0002,,,https://cbi.gov.in/download/L2Fzc2V0cy9maWxlcy9maXIvMjcwNjgxNzA3UkMgMDIgQSAyMDI1LnBkZg==
RC0102025A0001,,,https://cbi.gov.in/download/L2Fzc2V0cy9maWxlcy9maXIvMjAzNzczNzkxMFJDIDAxIEEgMjAyNS5wZGY=
RC0072025A0004,,,https://cbi.gov.in/download/L2Fzc2V0cy9maWxlcy9maXIvOTY3NDM2MzdGSVIgIFJDMDA3MjAyNUEwMDA0LnBkZg==
RC0362025A0010,,,https://cbi.gov.in/download/L2Fzc2V0cy9maWxlcy9maXIvMTQxOTc0MjIxM1JDMDM2MjAyNUEwMDEwLnBkZg==
RC0062025A0021,,,https://cbi.gov.in/download/L2Fzc2V0cy9maWxlcy9maXIvMTYwNjAxNjczOFJDMDA2MjAyNUEwMDIxLnBkZg==
RC0522025S0008,,,https://cbi.gov.in/download/L2Fzc2V0cy9maWxlcy9maXIvMTI5OTE4NjI1MkZJUiAwOC0yMDI1LnBkZg==
RC0482025S0007,,,https://cbi.gov.in/download/L2Fzc2V0cy9maWxlcy9maXIvMTU2NjAzNzE2NUZJUiA3XzAwMDEucGRm
RC0172025A0007,,,https://cbi.gov.in/download/L2Fzc2V0cy9maWxlcy9maXIvODAyMjk3MDE0RklSIGluIFJDMDE3MjAyNUEwMDA3LnBkZg==
RC2172025A0017,,,https://cbi.gov.in/download/L2Fzc2V0cy9maWxlcy9maXIvMTkxNzI3NTczNVVwbG9hZGVkIEZJUi5wZGY=
RC0212025A0006,,,https://cbi.gov.in/download/L2Fzc2V0cy9maWxlcy9maXIvMjA0MDMxMDYwM0ZJUiBpbiBSQzAyMTIwMjVBMDAwNi5wZGY=
RC0062025A0020,,,https://cbi.gov.in/download/L2Fzc2V0cy9maWxlcy9maXIvNzM0MTAwOVJDMDA2MjAyNUEwMDIwLnBkZg==
RC0062025A0019,,,https://cbi.gov.in/download/L2Fzc2V0cy9maWxlcy9maXIvMTgxNTczMTE1OVJDMDA2MjAyNUEwMDE5LnBkZg==
RC0032025A0039,,,https://cbi.gov.in/download/L2Fzc2V0cy9maWxlcy9maXIvMjAyNTU3NjUwOFJDMDAzMjAyNUEwMDM5LnBkZg==
RC0032025A0038,,,https://cbi.gov.in/download/L2Fzc2V0cy9maWxlcy9maXIvMzc5MzcyNDI0UkMwMDMyMDI1QTAwMzgucGRm
RC1232025A0006,,,https://cbi.gov.in/download/L2Fzc2V0cy9maWxlcy9maXIvODc2NzE3ODkwUkMxMjMyMDI1QTAwMDYucGRm
RC0152025A0007,,,https://cbi.gov.in/download/L2Fzc2V0cy9maWxlcy9maXIvMTIxNDQzODc5NUZJUi1SQzAxNTIwMjVBMDAwNy5wZGY=
RC0312025A0008,,,https://cbi.gov.in/download/L2Fzc2V0cy9maWxlcy9maXIvMjExODM2MzgyMUZJUiBSQzAzMTIwMjVBMDAwOC5wZGY=
RC0032025A0037,,,https://cbi.gov.in/download/L2Fzc2V0cy9maWxlcy9maXIvMjY2NjYxMTk1UkMwMDMyMDI1QTAwMzcucGRm
RC0352025A0010,,,https://cbi.gov.in/download/L2Fzc2V0cy9maWxlcy9maXIvNTc5MjM1Mjc1RklSIGluIFJDMDM1MjAyNUEwMDEwLnBkZg==
RC0062025A0018,,,https://cbi.gov.in/download/L2Fzc2V0cy9maWxlcy9maXIvMTk3OTgwNDkzNVJDMDA2MjAyNUEwMDE4LnBkZg==
RC2162025A0011,,,https://cbi.gov.in/download/L2Fzc2V0cy9maWxlcy9maXIvMTU2Njg3MDU0OFJDMjE2MjAyNUEwMDExLnBkZg==
RC1202025A0015,,,https://cbi.gov.in/download/L2Fzc2V0cy9maWxlcy9maXIvMTc5OTE1MDk1OVJDMTIwMjAyNUEwMDE1LnBkZg==
RC0682025E0004,,,https://cbi.gov.in/download/L2Fzc2V0cy9maWxlcy9maXIvMTM5MDIzODI4OEZJUiBSQzA2ODIwMjVFMDAwNC5wZGY=
RC0562025S0003,,,https://cbi.gov.in/download/L2Fzc2V0cy9maWxlcy9maXIvNDYxMTgyMTRGSVIgaW4gUkMwNTYyMDI1UzAwMDMgKDIpLnBkZg==
RC0562025S0002,,,https://cbi.gov.in/download/L2Fzc2V0cy9maWxlcy9maXIvMTU2OTQxODYxOEZJUiBpbiBSQzA1NjIwMjVTMDAwMiAoMikucGRm
RC0042025A0009,,,https://cbi.gov.in/download/L2Fzc2V0cy9maWxlcy9maXIvNjI1NzYyMzQ2RklSIFJDMDA0MjAyNUEwMDA5IGZvciB1cGxvYWRpbmcucGRm
RC0032025A0036,,,https://cbi.gov.in/download/L2Fzc2V0cy9maWxlcy9maXIvMTIwNjg4MzA2MFJDMDAzMjAyNUEwMDM2LnBkZg==
RC0572025S0005,,,https://cbi.gov.in/download/L2Fzc2V0cy9maWxlcy9maXIvMTY0ODU2MDIxNVJDMDU3MjAyNVMwMDA1LnBkZg==
RC0342025S0006,,,https://cbi.gov.in/download/L2Fzc2V0cy9maWxlcy9maXIvMTI5MjQ2MzU3NUZJUiBpbiBSQyA2IFMgMjAyNSBUVlBNLnBkZg==
RC2182025A0014,,,https://cbi.gov.in/download/L2Fzc2V0cy9maWxlcy9maXIvMjAwNDgzNjU1UkMyMTgyMDI1QTAwMTQucGRm
RC2162025A0010,,,https://cbi.gov.in/download/L2Fzc2V0cy9maWxlcy9maXIvMTg2OTYxMzE4UkMyMTYyMDI1QTAwMTAucGRm
RC0962025A0017,,,https://cbi.gov.in/download/L2Fzc2V0cy9maWxlcy9maXIvODMzMTYyNjEzUkMwOTYyMDI1QTAwMTcucGRm
RC0572025S0004,,,https://cbi.gov.in/download/L2Fzc2V0cy9maWxlcy9maXIvNjQ0ODI4MTI0UkMwNTcyMDI1UzAwMDQucGRm
RC0572025S0003,,,https://cbi.gov.in/download/L2Fzc2V0cy9maWxlcy9maXIvNDMyOTQzOTVSQzA1NzIwMjVTMDAwMy5wZGY=
RC0572025S0002,,,https://cbi.gov.in/download/L2Fzc2V0cy9maWxlcy9maXIvODE4MTU0NTU1RklSIE5vLiBSQzA1NzIwMjVTMDAwMiBkdGQgMzAuMDYuMjAyNS5wZGY=
RC0302025A0007,,,https://cbi.gov.in/download/L2Fzc2V0cy9maWxlcy9maXIvMjAzMjMyNTIzOFJDMDMwQTIwMjUwMDA3IEZJUi5wZGY=
RC0282025A0003,,,https://cbi.gov.in/download/L2Fzc2V0cy9maWxlcy9maXIvMTU2MDc3Mzk3MkZJUiAwM0EyMDI1XzAwMDEucGRm
RC0282025A0002,,,https://cbi.gov.in/download/L2Fzc2V0cy9maWxlcy9maXIvMTM1MzcwMzU1NFJDMDI4MjAyNUEwMDAyLnBkZg==
RC0272025A0002,,,https://cbi.gov.in/download/L2Fzc2V0cy9maWxlcy9maXIvMTI3MzUzMTc2NlJDMDI3MjAyNUEwMDAyLlBERg==
RC0242025A0010,,,https://cbi.gov.in/download/L2Fzc2V0cy9maWxlcy9maXIvMTI0MjcyNjQzMEZJUiBSQzAyNDIwMjVBMDAxMC5wZGY=
RC0212025A0005,,,https://cbi.gov.in/download/L2Fzc2V0cy9maWxlcy9maXIvMTQ0NTQzNjI5NkZJUiBpbiBSQzAyMTIwMjVBMDAwNS5wZGY=
RC0212025A0004,,,https://cbi.gov.in/download/L2Fzc2V0cy9maWxlcy9maXIvNzc5OTg2MzUwRklSIGluIFJDMDIxMjAyNUEwMDA0LnBkZg==
RC0202025A0003,,,https://cbi.gov.in/download/L2Fzc2V0cy9maWxlcy9maXIvMTg0NzczNzQyOFNjYW5lZCBGSVIucGRm
RC0062025A0017,,,https://cbi.gov.in/download/L2Fzc2V0cy9maWxlcy9maXIvODExOTQ1NTI4UkMwMDYyMDI1QTAwMTcucGRm
RC0052025A0012,,,https://cbi.gov.in/download/L2Fzc2V0cy9maWxlcy9maXIvNzc5MzM1MDcwUkMwMDUyMDI1QTAwMTIucGRm
RC0482025S0006,,,https://cbi.gov.in/download/L2Fzc2V0cy9maWxlcy9maXIvMTI2NjQ5OTQ0MVJDIDYgRklSIHVwbG9hZF8wMDAxLnBkZg==
RC0482025S0005,,,https://cbi.gov.in/download/L2Fzc2V0cy9maWxlcy9maXIvMTUyNTM3ODAyUkMgNSBGSVIgdXBsb2FkXzAwMDEucGRm
RC0482025S0004,,,https://cbi.gov.in/download/L2Fzc2V0cy9maWxlcy9maXIvMTg5ODY2ODk3N0ZJUiA0IGZvciB1cGxvYWRfMDAwMS5wZGY=
RC0362025A0009,,,https://cbi.gov.in/download/L2Fzc2V0cy9maWxlcy9maXIvNDUxOTQzMjM5UkMwMzYyMDI1QTAwMDkucGRm
RC0262025A0034,,,https://cbi.gov.in/download/L2Fzc2V0cy9maWxlcy9maXIvODY2MzU0MDU3RklSIFJDMDI2MjAyNUEwMDM0LnBkZg==
RC0262025A0033,,,https://cbi.gov.in/download/L2Fzc2V0cy9maWxlcy9maXIvNjUzMTg1MDM3UkMwMjYyMDI1QTAwMzMucGRm
RC 2202025E0012,,,https://cbi.gov.in/download/L2Fzc2V0cy9maWxlcy9maXIvMTIwOTEyNjU1UkMgMjIwMjAyNUUwMDEyLnBkZg==
RC1222025A0005,,,https://cbi.gov.in/download/L2Fzc2V0cy9maWxlcy9maXIvMTAwNzIxNTcxRklSIFJDMTIyMjAyNUEwMDA1LnBkZg==
RC1202025A0014,,,https://cbi.gov.in/download/L2Fzc2V0cy9maWxlcy9maXIvMTMxNzA5MDI1RklSIFJDMTIwMjAyNUEwMDE0LnBkZg==
RC0352025A0009,,,https://cbi.gov.in/download/L2Fzc2V0cy9maWxlcy9maXIvMzMwODQyMTE1UkMwMzUyMDI1QTAwMDkucGRm
RC0252025A0007,,,https://cbi.gov.in/download/L2Fzc2V0cy9maWxlcy9maXIvNjI1Njc4MDEwRklSIFJDNyhBKTI1LUQucGRm
RC0242025A0009,,,https://cbi.gov.in/download/L2Fzc2V0cy9maWxlcy9maXIvMTg0MzQ1NTAwOVJDMDI0MjAyNUEwMDA5KEZJUikucGRm
RC0032025A0035,,,https://cbi.gov.in/download/L2Fzc2V0cy9maWxlcy9maXIvMTM4NTY1MDE0N1JDMDAzMjAyNUEwMDM1LnBkZg==
RC2202025E0011 EO-II,,,https://cbi.gov.in/download/L2Fzc2V0cy9maWxlcy9maXIvOTQxOTMwNjk5UkMgMTEtMjAyNS5wZGY=
RC0962025A0016,,,https://cbi.gov.in/download/L2Fzc2V0cy9maWxlcy9maXIvMTYzNjM0OTYzMlJDMDA5NjIwMjVBMDAxNi5wZGY=
RC2162025A0009,,,https://cbi.gov.in/download/L2Fzc2V0cy9maWxlcy9maXIvNDM2NDA2NjExUkMyMTYyMDI1QTAwMDkucGRm
RC1202025A0013,,,https://cbi.gov.in/download/L2Fzc2V0cy9maWxlcy9maXIvMjA2MDc1NDE4UkMxMjAyMDI1QTAwMTMucGRm
RC0592025A0012,,,https://cbi.gov.in/download/L2Fzc2V0cy9maWxlcy9maXIvMTI2MjMzMDM3OUZJUiBSQzA1OTIwMjVBMDAxMi5wZGY=
RC0252025A0006,,,https://cbi.gov.in/download/L2Fzc2V0cy9maWxlcy9maXIvOTI1MzA1MjIyRm9yd2FyZGluZyB3aXRoIEZJUi5wZGY=
RC0232025A0017,,,https://cbi.gov.in/download/L2Fzc2V0cy9maWxlcy9maXIvMjEyNjk3NTc4OFJDMTdfMjUucGRm
RC0032025A0034,,,https://cbi.gov.in/download/L2Fzc2V0cy9maWxlcy9maXIvMzA1MDAyMzM2UkMwMDMyMDI1QTAwMzQucGRm
RC0322025A0014,,,https://cbi.gov.in/download/L2Fzc2V0cy9maWxlcy9maXIvMzA4ODA5MDJSQyAxNCBvZiAyMDI1LnBkZg==
RC0322025A0013,,,https://cbi.gov.in/download/L2Fzc2V0cy9maWxlcy9maXIvMjEzMTk0NjExNUZJUiAxMyBvZiAyMDI1LnBkZg==
RC0232025A0016,,,https://cbi.gov.in/download/L2Fzc2V0cy9maWxlcy9maXIvMTY0NjEyMzYzMkZJUiAxNiAyMDI1LnBkZg==
RC0172025A0006,,,https://cbi.gov.in/download/L2Fzc2V0cy9maWxlcy9maXIvODg3MTI2NTU4RklSIGluIFJDMDE3MjAyNUEwMDA2LnBkZg==
RC0082025A0013,,,https://cbi.gov.in/download/L2Fzc2V0cy9maWxlcy9maXIvMTA3NTAwOTIyNlJDMDA4MjAyNUEwMDEzIEZJUiBvZiAyMDI1LnBkZg==
RC1232025A0005,,,https://cbi.gov.in/download/L2Fzc2V0cy9maWxlcy9maXIvMjQ2ODI1NjQ4RklSIFJDMTIzMjAyNUEwMDA1LnBkZg==
RC0582025A0006,,,https://cbi.gov.in/download/L2Fzc2V0cy9maWxlcy9maXIvNTgzNjk1OTlSQzA1ODIwMjVBMDAwNi5wZGY=
RC0042025A0008,,,https://cbi.gov.in/download/L2Fzc2V0cy9maWxlcy9maXIvNTkxNTg0OTNSQzAwNDIwMjVBMDAwOC5wZGY=
RC0032025A0033,,,https://cbi.gov.in/download/L2Fzc2V0cy9maWxlcy9maXIvMTk4MDYzNzE4OFJDMDAzMjAyNUEwMDMzLnBkZg==
RC0062025A0016,,,https://cbi.gov.in/download/L2Fzc2V0cy9maWxlcy9maXIvNjQyNzIyNzQ5UkMwMDYyMDI1QTAwMTYucGRm
RC2182025A0013,,,https://cbi.gov.in/download/L2Fzc2V0cy9maWxlcy9maXIvMTA5MjU5ODAyNFJDMjE4MjAyNUEwMDEzLnBkZg==
RC1232025A0004,,,https://cbi.gov.in/download/L2Fzc2V0cy9maWxlcy9maXIvMTUzNDc2OTU3RklSIE5vIFJDMTIzMjAyNUEwMDA0LnBkZg==
RC0742025E0004,,,https://cbi.gov.in/download/L2Fzc2V0cy9maWxlcy9maXIvMjQwMTI2NzY1RklSIFJDMDc0MjAyNUUwMDA0LnBkZg==
RC0302025A0006,,,https://cbi.gov.in/download/L2Fzc2V0cy9maWxlcy9maXIvODY1MTkzNzQyUkMwMzAyMDI1QTAwMDYucGRm
RC0152025A0006,,,https://cbi.gov.in/download/L2Fzc2V0cy9maWxlcy9maXIvMTI1MjYyMTU0OUZJUiBSQzAxNTIwMjVBMDAwNi5wZGY=
RC0172025A0005,,,https://cbi.gov.in/download/L2Fzc2V0cy9maWxlcy9maXIvNTA0MTEwMTI0RklSIGluIFJDMDE3MjAyNUEwMDA1LnBkZg==
RC0592025A0011,,,https://cbi.gov.in/download/L2Fzc2V0cy9maWxlcy9maXIvMTkxMDQ3ODQwNlJDMDU5MjAyNUEwMDExLnBkZg==
RC1202025A0012,,,https://cbi.gov.in/download/L2Fzc2V0cy9maWxlcy9maXIvMTk5NTI0ODM2MkZJUiBSQzEyMDIwMjVBMDAxMi5wZGY=
RC0592025A0010,,,https://cbi.gov.in/download/L2Fzc2V0cy9maWxlcy9maXIvNjMzNjM3NjQyUkMwNTkyMDI1QTAwMTBfLnBkZg==
RC0352025A0008,,,https://cbi.gov.in/download/L2Fzc2V0cy9maWxlcy9maXIvODExOTY3MDA1RklSIGluIFJDMDM1MjAyNUEwMDA4LnBkZg==
RC0262025A0032,,,https://cbi.gov.in/download/L2Fzc2V0cy9maWxlcy9maXIvMTkyNzM2NTI1NkZJUiBSQzAyNjIwMjVBMDAzMi5wZGY=
RC1222025A0004,,,https://cbi.gov.in/download/L2Fzc2V0cy9maWxlcy9maXIvMTYzMTcwMzY0MUZJUiBSQzEyMjIwMjVBMDAwNC5wZGY=
RC0262025A0031,,,https://cbi.gov.in/download/L2Fzc2V0cy9maWxlcy9maXIvMTIyOTkxMjY2RklSIFJDMDI2MjAyNUEwMDMxLnBkZg==
RC0242025A0008,,,https://cbi.gov.in/download/L2Fzc2V0cy9maWxlcy9maXIvMTYxNTg1NjQ4N0ZJUiBSQzAyNDIwMjVBMDAwOC5wZGY=
RC1202025A0011,,,https://cbi.gov.in/download/L2Fzc2V0cy9maWxlcy9maXIvNDM5MzE2MjcyRklSIFJDMTIwMjAyNUEwMDExLnBkZg==
RC0742025E0003,,,https://cbi.gov.in/download/L2Fzc2V0cy9maWxlcy9maXIvMzg3MTM3Njk0RklSIFJDMDMyMDI1LnBkZg==
RC0242025A0007,,,https://cbi.gov.in/download/L2Fzc2V0cy9maWxlcy9maXIvOTQ4NTc1MTgzRklSIFJDMDI0MjAyNUEwMDA3LnBkZg==
RC0212025A0003,,,https://cbi.gov.in/download/L2Fzc2V0cy9maWxlcy9maXIvMTc4MzQyMzI0OEZJUiBSQyAzIEEgMjAyNS5wZGY=
RC1202025A0010,,,https://cbi.gov.in/download/L2Fzc2V0cy9maWxlcy9maXIvMTk2MTQ3MTA4MUZJUiBSQzEyMDIwMjVBMDAxMC5wZGY=
RC2162025A0008,,,https://cbi.gov.in/download/L2Fzc2V0cy9maWxlcy9maXIvNDI4NjcwNDAyUkMyMTYyMDI1QTAwMDgucGRm
RC0262025A0030,,,https://cbi.gov.in/download/L2Fzc2V0cy9maWxlcy9maXIvNzg5NTQyMTMzUkMgMDI2MjAyNUEwMDMwIEZJUi5wZGY=
RC0052025A0011,,,https://cbi.gov.in/download/L2Fzc2V0cy9maWxlcy9maXIvMTY0MzAwMzQ3OFJDMDA1MjAyNUEwMDExLnBkZg==
RC2292025A0003,,,https://cbi.gov.in/download/L2Fzc2V0cy9maWxlcy9maXIvMTc0NTM1NzQwMEZJUiBSQyAzIG9mIDIwMjUucGRm
RC2202025E0010-EOII,,,https://cbi.gov.in/download/L2Fzc2V0cy9maWxlcy9maXIvMTUzMjcwOTg1MVJDIDIyMDIwMjVFMDAxMC0gRU8tSUkucGRm
RC0692025E0005,,,https://cbi.gov.in/download/L2Fzc2V0cy9maWxlcy9maXIvMTA1NDE0NzY5NkZJUiBpbiBSQyAwNjkyMDI1RTAwMDUucGRm
RC0242025A0006,,,https://cbi.gov.in/download/L2Fzc2V0cy9maWxlcy9maXIvMTk2NjMxMzM4N0ZJUiBSQzAyNDIwMjVBMDAwNi5wZGY=
RC0232025A0015,,,https://cbi.gov.in/download/L2Fzc2V0cy9maWxlcy9maXIvMTQxMjUwMzU1NkZpUiBSQzE1XzI1LnBkZg==
RC0172025A0004,,,https://cbi.gov.in/download/L2Fzc2V0cy9maWxlcy9maXIvMjA0NzA3MzgzMUZJUiBpbiBSQzAxNzIwMjVBMDAwNC5wZGY=
RC0152025A0005,,,https://cbi.gov.in/download/L2Fzc2V0cy9maWxlcy9maXIvMTMwNjQwNzU4RklSIFJDMDE1MjAyNUEwMDA1LnBkZg==
RC1242025A0003,,,https://cbi.gov.in/download/L2Fzc2V0cy9maWxlcy9maXIvOTAxODUzNzM1UkMxMjQyMDI1QTAwMDMucGRm
RC0502025S0006,,,https://cbi.gov.in/download/L2Fzc2V0cy9maWxlcy9maXIvNzU3NDY4NjE5RklSIFJDIDA1MDIwMjVTMDAwNl8wMDAxLnBkZg==
RC0502025S0005,,,https://cbi.gov.in/download/L2Fzc2V0cy9maWxlcy9maXIvMTA5MTA3MTIwMEZJUiBSQzA1MDIwMjVTMDAwNS5wZGY=
RC0362025A0008,,,https://cbi.gov.in/download/L2Fzc2V0cy9maWxlcy9maXIvMTMwNjQ5NjI5OVJDMDM2MjAyNUEwMDA4LnBkZg==
RC0362025A0007,,,https://cbi.gov.in/download/L2Fzc2V0cy9maWxlcy9maXIvMTU2NTQ1MjE2NlJDMDM2MjAyNUEwMDA3LnBkZg==
RC0482025S0003,,,https://cbi.gov.in/download/L2Fzc2V0cy9maWxlcy9maXIvNzcwNjAyNjExUkMwNDgyMDI1UzAwMDMucGRm
RC2172025A0016,,,https://cbi.gov.in/download/L2Fzc2V0cy9maWxlcy9maXIvMTAzOTc2MDgxN0ZJUl9SQzIxNzIwMjVBMDAxNi5wZGY=
RC0362025A0006,,,https://cbi.gov.in/download/L2Fzc2V0cy9maWxlcy9maXIvNDE5Mzc0MzA5UkMwMzYyMDI1QTAwMDYucGRm
RC0232025A0014,,,https://cbi.gov.in/download/L2Fzc2V0cy9maWxlcy9maXIvMjEzNTkwNjg0MlJDMTRfMjUucGRm
RC0042025A0007,,,https://cbi.gov.in/download/L2Fzc2V0cy9maWxlcy9maXIvMjE0ODkxMTgzUkMwMDQyMDI1QTAwMDcucGRm
RC0362025A0005,,,https://cbi.gov.in/download/L2Fzc2V0cy9maWxlcy9maXIvMjAzNTA5MzkwUkMwMzYyMDI1QTAwMDUucGRm
RC0692025E0004,,,https://cbi.gov.in/download/L2Fzc2V0cy9maWxlcy9maXIvODg4NTY2Nzg0RklSIGluIFJDMDY5MjAyNUUwMDA0LnBkZg==
RC0592025A0009,,,https://cbi.gov.in/download/L2Fzc2V0cy9maWxlcy9maXIvMTE3NTM0MTYyM1JDMDU5MjAyNUEwMDA5LnBkZg==
RC0232025A0013,,,https://cbi.gov.in/download/L2Fzc2V0cy9maWxlcy9maXIvMTA5OTgyNzM5OFJDMTNfMjUucGRm
RC2172025A0015,,,https://cbi.gov.in/download/L2Fzc2V0cy9maWxlcy9maXIvMTQ2ODE4MzIzNUZJUiBSQzIxNzIwMjVBMDAxNS5wZGY=
RC0742025E0002,,,https://cbi.gov.in/download/L2Fzc2V0cy9maWxlcy9maXIvMTQ4MTc3OTlSQzA3NDIwMjVFMDAwMl9GaXJfVmVyMy5wZGY=
RC0692025E0003,,,https://cbi.gov.in/download/L2Fzc2V0cy9maWxlcy9maXIvMTE4OTQ3NDY5MUZJUiBpbiBSQzA2OTIwMjVFMDAwMy5wZGY=
RC0592025A0008,,,https://cbi.gov.in/download/L2Fzc2V0cy9maWxlcy9maXIvOTQ5NTIwNzQ3UkMwNTkyMDI1QTAwMDgucGRm
RC0352025A0007,,,https://cbi.gov.in/download/L2Fzc2V0cy9maWxlcy9maXIvMTc0NTA3NjI3NlJDMDM1MjAyNUEwMDA3LnBkZg==
RC0272025A0001,,,https://cbi.gov.in/download/L2Fzc2V0cy9maWxlcy9maXIvNDI3Mzc2ODgyUkMwMjcyMDI1QTAwMDEucGRm
RC0062025A0015,,,https://cbi.gov.in/download/L2Fzc2V0cy9maWxlcy9maXIvMjAwODU0MTMwNFJDMDA2MjAyNUEwMDE1LnBkZg==
RC2172025A0014,,,https://cbi.gov.in/download/L2Fzc2V0cy9maWxlcy9maXIvMTc3MDYyNTIxNkZJUiBSQzIxNzIwMjVBMDAxNC5wZGY=
RC0342025S0004,,,https://cbi.gov.in/download/L2Fzc2V0cy9maWxlcy9maXIvMTY2MTcwOTAzNlJDIDRTIDIwMjUgVFZQTS5wZGY=
RC0342025S0005,,,https://cbi.gov.in/download/L2Fzc2V0cy9maWxlcy9maXIvMzkyNTY0MDY4UkMgNVMgMjAyNSBUVlBNLnBkZg==
RC0342025S0003,,,https://cbi.gov.in/download/L2Fzc2V0cy9maWxlcy9maXIvMzQxMTQ3MjQxUkMgM1MgMjAyNSBUVlBNLnBkZg==
RC0332025A0004,,,https://cbi.gov.in/download/L2Fzc2V0cy9maWxlcy9maXIvOTcyMzU4OTQ2RklSIGluIFJDIDA0IEEgMjAyNSBDQkkgQUNCIENvY2hpbi4ucGRm
RC0262025A0029,,,https://cbi.gov.in/download/L2Fzc2V0cy9maWxlcy9maXIvMTU0Mjc3OTE4OUZJUiBSQzAyNjIwMjVBMDAyOS5wZGY=
RC0962025A0015,,,https://cbi.gov.in/download/L2Fzc2V0cy9maWxlcy9maXIvMjEyMDM2NTM5NVJDMDk2MjAyNUEwMDE1LnBkZg==
RC0362025A0004,,,https://cbi.gov.in/download/L2Fzc2V0cy9maWxlcy9maXIvNDQ4ODU2NDgyUkMwMzYyMDI1QTAwMDQucGRm
RC0062025A0014,,,https://cbi.gov.in/download/L2Fzc2V0cy9maWxlcy9maXIvMzk0NjI0NzUxUkMwMDYyMDI1QTAwMTQucGRm
RC2162025A0007,,,https://cbi.gov.in/download/L2Fzc2V0cy9maWxlcy9maXIvMTc4MDE3MzcwN1JDMjE2MjAyNUEwMDA3LnBkZg==
RC0592025A0007,,,https://cbi.gov.in/download/L2Fzc2V0cy9maWxlcy9maXIvMTg4NzE1NDk3OFJDMDU5MjAyNUEwMDA3X0Zpcl9WZXIyLnBkZg==
RC0242025A0005,,,https://cbi.gov.in/download/L2Fzc2V0cy9maWxlcy9maXIvNzIwNTY1NTgyRklSIFJDMDI0MjAyNUEwMDA1LnBkZg==
RC2292025A0002,,,https://cbi.gov.in/download/L2Fzc2V0cy9maWxlcy9maXIvNDAyNjAzNTQxRklSIGluIFJDIDIyOTIwMjVBMDAwMi5wZGY=
RC2292025A0001,,,https://cbi.gov.in/download/L2Fzc2V0cy9maWxlcy9maXIvMzQ3MTQxMDk0RklSICBpbiBSQyAyMjkgMjAyNSBBIDAwMDEgKDEpLnBkZg==
RC2182025A0012,,,https://cbi.gov.in/download/L2Fzc2V0cy9maWxlcy9maXIvODA2MTAxNTZGSVIgUkMyMTgyMDI1QTAwMTIucGRm
RC2172025A0013,,,https://cbi.gov.in/download/L2Fzc2V0cy9maWxlcy9maXIvMTQ1NzAwNTUxOFJDMjE3MjAyNUEwMDEzLnBkZg==
RC0242025A0004,,,https://cbi.gov.in/download/L2Fzc2V0cy9maWxlcy9maXIvOTU3NzExODQyRklSIFJDMDI0MjAyNUEwMDA0LnBkZg==
RC0082025S0012,,,https://cbi.gov.in/download/L2Fzc2V0cy9maWxlcy9maXIvNTYzMDQwNjA1UlMwMDgyMDI1UzAwMTIucGRm
RC0082025S0011,,,https://cbi.gov.in/download/L2Fzc2V0cy9maWxlcy9maXIvMTIwODY3ODI1MlJDMDA4MjAyNVMwMDExLnBkZg==
RC0082025S0010,,,https://cbi.gov.in/download/L2Fzc2V0cy9maWxlcy9maXIvMTc5OTQ0Nzg4NVJDMDA4MjAyNVMwMDEwLnBkZg==
RC0082025A0009,,,https://cbi.gov.in/download/L2Fzc2V0cy9maWxlcy9maXIvMjAwMjU0MTYzMkZJUl9SQzAwODIwMjVBMDAwOS5wZGY=
RC0082025A0008,,,https://cbi.gov.in/download/L2Fzc2V0cy9maWxlcy9maXIvMTU0Njk3NjI4M0ZJUl9SQzAwODIwMjVBMDAwOC5wZGY=
RC0082025A0007,,,https://cbi.gov.in/download/L2Fzc2V0cy9maWxlcy9maXIvMTA0OTE1ODIwMEZJUl9SQzAwODIwMjVBMDAwNy5wZGY=
RC0082025A0006,,,https://cbi.gov.in/download/L2Fzc2V0cy9maWxlcy9maXIvMTYzNzM4MDM3OEZJUl9SQzAwODIwMjVBMDAwNi5wZGY=
RC2202025E0009 EO-II,,,https://cbi.gov.in/download/L2Fzc2V0cy9maWxlcy9maXIvMTA5NzQ3MjYzNFJDIDA5LTIwMjUucGRm
RC2202025E0008,,,https://cbi.gov.in/download/L2Fzc2V0cy9maWxlcy9maXIvNzM1OTAwNzkyUkMgMDAwOC0yMDI1LnBkZg==
RC0592025A0006,,,https://cbi.gov.in/download/L2Fzc2V0cy9maWxlcy9maXIvMTA3Mzc1Mjc1MFJDMDU5MjAyNUEwMDA2LnBkZg==
RC0152025A0004,,,https://cbi.gov.in/download/L2Fzc2V0cy9maWxlcy9maXIvMTAwNzEwNzUxNEZJUiAtIFJDMDE1MjAyNUEwMDA0LnBkZg==
RC1202025A0009,,,https://cbi.gov.in/download/L2Fzc2V0cy9maWxlcy9maXIvMTY4Nzk2NDI5NkZJUiBSQzEyMDIwMjVBMDAwOS5wZGY=
RC0302025A0005,,,https://cbi.gov.in/download/L2Fzc2V0cy9maWxlcy9maXIvNjI1OTU4NzI2UkMwMzAyMDI1QTAwMDUucGRm
RC1232025A0003,,,https://cbi.gov.in/download/L2Fzc2V0cy9maWxlcy9maXIvMTgzOTk5Njg0M0ZJUiBObyBSQyAzKEEpIG9mIDIwMjUucGRm
RC0962025A0014,,,https://cbi.gov.in/download/L2Fzc2V0cy9maWxlcy9maXIvMTM2NDg4NzY0N1JDMDk2MjAyNUEwMDE0LnBkZg==
RC0962025A0013,,,https://cbi.gov.in/download/L2Fzc2V0cy9maWxlcy9maXIvODEzMTI1NzkwUkMwOTYyMDI1QTAwMTMucGRm
RC0962025A0012,,,https://cbi.gov.in/download/L2Fzc2V0cy9maWxlcy9maXIvMjE0NzQyOTY4MVJDMDk2MjAyNUEwMDEyLnBkZg==
RC0962025A0011,,,https://cbi.gov.in/download/L2Fzc2V0cy9maWxlcy9maXIvMTA1NTgyODQxOVJDMDk2MjAyNUEwMDExLnBkZg==
RC0962025A0010,,,https://cbi.gov.in/download/L2Fzc2V0cy9maWxlcy9maXIvNTgyMTUyOTQ4UkMwOTYyMDI1QTAwMTAucGRm
RC0962025A0009,,,https://cbi.gov.in/download/L2Fzc2V0cy9maWxlcy9maXIvNTgzODA0MTUwUkMwOTYyMDI1QTAwMDkucGRm
RC0082025A0005,,,https://cbi.gov.in/download/L2Fzc2V0cy9maWxlcy9maXIvMTM0MDkzMTMwN0ZJUiBSQzAwODIwMjVBMDAwNS5wZGY=
RC0032025A0032,,,https://cbi.gov.in/download/L2Fzc2V0cy9maWxlcy9maXIvMTg1MzI3MDY5OFJDMDAzMjAyNUEwMDMyLnBkZg==
RC0052025A0010,,,https://cbi.gov.in/download/L2Fzc2V0cy9maWxlcy9maXIvOTg2MTM0NzYyUkMwMDUyMDI1QTAwMTAucGRm
RC0042025A0006,,,https://cbi.gov.in/download/L2Fzc2V0cy9maWxlcy9maXIvNzc2MTA4OTA0UkMwMDQyMDI1QTAwMDYucGRm
RC2172025A0012,,,https://cbi.gov.in/download/L2Fzc2V0cy9maWxlcy9maXIvNzQ5NjgyMzI3RklSIFJDMjE3MjAyNUEwMDEyLnBkZg==
RC0232025A0012,,,https://cbi.gov.in/download/L2Fzc2V0cy9maWxlcy9maXIvMTQ1NDk0ODk0RklSIFJDMTJfMjAyNS5wZGY=
RC0062025A0013,,,https://cbi.gov.in/download/L2Fzc2V0cy9maWxlcy9maXIvMTg5NzQzNjk2MlJDMDA2MjAyNUEwMDEzLnBkZg==
RC2182025A0011,,,https://cbi.gov.in/download/L2Fzc2V0cy9maWxlcy9maXIvMTI4MDc4NTIxMlJDMjE4MjAyNUEwMDExLnBkZg==
RC0922025S0002,,,https://cbi.gov.in/download/L2Fzc2V0cy9maWxlcy9maXIvMjUxNjEzNzI1RklSIFJDMDkyMjAyNVMwMDAyLnBkZg==
RC0312025A0007,,,https://cbi.gov.in/download/L2Fzc2V0cy9maWxlcy9maXIvMTk5NzAxMzY1N0ZJUiBSQzAzMTIwMjVBMDAwNy5wZGY=
RC2172025A0011,,,https://cbi.gov.in/download/L2Fzc2V0cy9maWxlcy9maXIvNzY1NDU0ODdGSVJSQzIxNzIwMjVBMDAxMS5wZGY=
RC0732025E0002,,,https://cbi.gov.in/download/L2Fzc2V0cy9maWxlcy9maXIvOTg5MDU2NTgxUkMwNzMyMDI1RTAwMDJfRmlyX1ZlcjIucGRm
RC0062025A0012,,,https://cbi.gov.in/download/L2Fzc2V0cy9maWxlcy9maXIvMTU2NDY5MzI2UkMwMDYyMDI1QTAwMTIucGRm
RC0062025A0011,,,https://cbi.gov.in/download/L2Fzc2V0cy9maWxlcy9maXIvMjA5NzMyMDc5NFJDMDA2MjAyNUEwMDExLnBkZg==
RC0732025E0001,,,https://cbi.gov.in/download/L2Fzc2V0cy9maWxlcy9maXIvMTc1MTYyMjYxOEZJUiBSQyAwMSBFIDIwMjUucGRm
RC0262025A0028,,,https://cbi.gov.in/download/L2Fzc2V0cy9maWxlcy9maXIvMTQ2NTcyMDYyNkZJUiBSQzAyNjIwMjVBMDAyOC5wZGY=
RC2312025A0004,,,https://cbi.gov.in/download/L2Fzc2V0cy9maWxlcy9maXIvNjIxOTEyNzY0UkMyMzEyMDI1QTAwMDQucGRm
RC0352025A0006,,,https://cbi.gov.in/download/L2Fzc2V0cy9maWxlcy9maXIvMTc0MTE0MjkyMUZJUiBpbiBSQzAzNTIwMjVBMDAwNi5wZGY=
RC0232025A0011,,,https://cbi.gov.in/download/L2Fzc2V0cy9maWxlcy9maXIvMzkyMjgwMTUzRklSIFJDMTFfMjUucGRm
RC0052025A0009,,,https://cbi.gov.in/download/L2Fzc2V0cy9maWxlcy9maXIvMzI4MDY2NDA2UkMwMDUyMDI1QTAwMDkucGRm
RC0042025A0005,,,https://cbi.gov.in/download/L2Fzc2V0cy9maWxlcy9maXIvMTY0MDkzMjMzN1JDMDA0MjAyNUEwMDA1LnBkZg==
RC2172025A0010,,,https://cbi.gov.in/download/L2Fzc2V0cy9maWxlcy9maXIvMTc1MTE0NTUzNUZJUi1SQzIxNzIwMjVBMDAxMC5wZGY=
RC0232025A0010,,,https://cbi.gov.in/download/L2Fzc2V0cy9maWxlcy9maXIvMTc0NjY3OTc1OEZJUiBSQzEwXzIwMjUucGRm
RC0032025A0031,,,https://cbi.gov.in/download/L2Fzc2V0cy9maWxlcy9maXIvODM3OTk0NjAwUkMwMDMyMDI1QTAwMzEucGRm
RC0592025A0005,,,https://cbi.gov.in/download/L2Fzc2V0cy9maWxlcy9maXIvMjAwMDQ2ODc3OFJDLTA1LTIwMjUucGRm
RC0342025S0002,,,https://cbi.gov.in/download/L2Fzc2V0cy9maWxlcy9maXIvMTg2OTM2MTM5NUZJUiBSQyAyIFMyMDI1IFRWUE0ucGRm
RC0232025A0009,,,https://cbi.gov.in/download/L2Fzc2V0cy9maWxlcy9maXIvMTU2ODU1MzcyOVJDIDlfMjUucGRm
RC0052025A0008,,,https://cbi.gov.in/download/L2Fzc2V0cy9maWxlcy9maXIvMTcwMzU1NzczN1JDMDA1MjAyNUEwMDA4LnBkZg==
RC0502025S0004,,,https://cbi.gov.in/download/L2Fzc2V0cy9maWxlcy9maXIvMTE3NDE5MDY2NlJDMDUwMjAyNVMwMDA0LnBkZg==
RC0312025A0006,,,https://cbi.gov.in/download/L2Fzc2V0cy9maWxlcy9maXIvMTE4ODM4MjI2MEZJUiBSQzAzMTIwMjVBMDAwNi5wZGY=
RC0232025A0008,,,https://cbi.gov.in/download/L2Fzc2V0cy9maWxlcy9maXIvNjcwNzU3ODYwUkM4XzI1LnBkZg==
RC0032025A0030,,,https://cbi.gov.in/download/L2Fzc2V0cy9maWxlcy9maXIvOTg2NTU5ODA4UkMwMDMyMDI1QTAwMzAucGRm
RC2162025A0006,,,https://cbi.gov.in/download/L2Fzc2V0cy9maWxlcy9maXIvNDM5MDA2NTk4UkMyMTYyMDI1QTAwMDYucGRm
RC2172025A0009,,,https://cbi.gov.in/download/L2Fzc2V0cy9maWxlcy9maXIvMTc3MDA5OTAyUkMyMTcyMDI1QTAwMDkucGRm
RC1202025A0008,,,https://cbi.gov.in/download/L2Fzc2V0cy9maWxlcy9maXIvMjA5MDg3MjkzMkZJUiBSQzEyMDIwMjVBMDAwOC5wZGY=
RC0562025S0001,,,https://cbi.gov.in/download/L2Fzc2V0cy9maWxlcy9maXIvNDgyNTA3ODIwRklSIFJDMDU2MjAyNVMwMDAxIGZvciBVcGxvYWRpbmcucGRm
RC0032025A0029,,,https://cbi.gov.in/download/L2Fzc2V0cy9maWxlcy9maXIvODk2MzY2MTIwUkMwMDMyMDI1QTAwMjkucGRm
RC0032025A0028,,,https://cbi.gov.in/download/L2Fzc2V0cy9maWxlcy9maXIvMTI4NTY1NTU2MVJDMDAzMjAyNUEwMDI4LnBkZg==
RC0032025A0027,,,https://cbi.gov.in/download/L2Fzc2V0cy9maWxlcy9maXIvMTUwMjI5MzkyMlJDMDAzMjAyNUEwMDI3LnBkZg==
RC1222025A0003,,,https://cbi.gov.in/download/L2Fzc2V0cy9maWxlcy9maXIvMTk4Mjg0NzczMkZJUiBSQzEyMjIwMjVBMDAwMy5wZGY=
RC0232025A0007,,,https://cbi.gov.in/download/L2Fzc2V0cy9maWxlcy9maXIvNDI2NDQ3NzUyUkMgN18yNS5wZGY=
RC2182025A0010,,,https://cbi.gov.in/download/L2Fzc2V0cy9maWxlcy9maXIvOTMxNjcyODI0UkMyMTgyMDI1QTAwMTAtRklSLS5wZGY=
RC0592025A0004,,,https://cbi.gov.in/download/L2Fzc2V0cy9maWxlcy9maXIvMjA5NDI3NTYyNFJDMDU5MjAyNUEwMDA0XzAwMDEucGRm
RC0032025A0026,,,https://cbi.gov.in/download/L2Fzc2V0cy9maWxlcy9maXIvMTgzNTQzODUwNFJDMDAzMjAyNUEwMDI2LnBkZg==
RC0262025A0027,,,https://cbi.gov.in/download/L2Fzc2V0cy9maWxlcy9maXIvMTgzOTI4ODg3MEZJUiBSQzAyNjIwMjVBMDAyNy5wZGY=
RC1212025A0001,,,https://cbi.gov.in/download/L2Fzc2V0cy9maWxlcy9maXIvMTk5NTM4MzU1NEZJUi5wZGY=
RC1202025A0007,,,https://cbi.gov.in/download/L2Fzc2V0cy9maWxlcy9maXIvMzg4MzM5MzU3RklSIFJDMTIwMjAyNUEwMDA3LnBkZg==
RC0572025S0001,,,https://cbi.gov.in/download/L2Fzc2V0cy9maWxlcy9maXIvNDQ5MTc0OTk4RklSIFJDMDU3MjAyNVMwMDAxLnBkZg==
RC0352025A0005,,,https://cbi.gov.in/download/L2Fzc2V0cy9maWxlcy9maXIvNDU2MjIyOTkyRklSIGluIFJDMDM1MjAyNUEwMDA1LnBkZg==
RC2162025A0005,,,https://cbi.gov.in/download/L2Fzc2V0cy9maWxlcy9maXIvMTA3NTc0OTAzOVJDMjE2MjAyNUEwMDA1LnBkZg==
RC0262025A0026,,,https://cbi.gov.in/download/L2Fzc2V0cy9maWxlcy9maXIvNTQ3MjcxNDk0RklSIFJDMDI2MjAyNUEwMDI2LnBkZg==
RC0262025A0025,,,https://cbi.gov.in/download/L2Fzc2V0cy9maWxlcy9maXIvMTU5MzgzNDYxNUZJUiBSQzAyNjIwMjVBMDAyNS5wZGY=
RC0262025A0024,,,https://cbi.gov.in/download/L2Fzc2V0cy9maWxlcy9maXIvNzU1ODIxMzhGSVIgUkMwMjYyMDI1QTAwMjQucGRm
RC0262025A0023,,,https://cbi.gov.in/download/L2Fzc2V0cy9maWxlcy9maXIvMTAwMTY1NzM2RklSIFJDMDI2MjAyNUEwMDIzLnBkZg==
RC0262025A0022,,,https://cbi.gov.in/download/L2Fzc2V0cy9maWxlcy9maXIvNTgxOTk5NjM3RklSIFJDMDI2MjAyNUEwMDIyLnBkZg==
RC0262025A0021,,,https://cbi.gov.in/download/L2Fzc2V0cy9maWxlcy9maXIvMTczNjM4NDE4OUZJUiBSQzAyNjIwMjVBMDAyMS5wZGY=
RC0262025A0020,,,https://cbi.gov.in/download/L2Fzc2V0cy9maWxlcy9maXIvMTg1NjA5Mjk1MUZJUiBSQzAyNjIwMjVBMDAyMC5wZGY=
RC0262025A0019,,,https://cbi.gov.in/download/L2Fzc2V0cy9maWxlcy9maXIvMjc2NjY3MTE5RklSIFJDMDI2MjAyNUEwMDE5LnBkZg==
RC0262025A0018,,,https://cbi.gov.in/download/L2Fzc2V0cy9maWxlcy9maXIvOTU2Mzg1NTI1RklSIFJDMDI2MjAyNUEwMDE4LnBkZg==
RC0262025A0017,,,https://cbi.gov.in/download/L2Fzc2V0cy9maWxlcy9maXIvMTUwMDc5ODc5NUZJUiBSQzAyNjIwMjVBMDAxNy5wZGY=
RC0262025A0016,,,https://cbi.gov.in/download/L2Fzc2V0cy9maWxlcy9maXIvMTc0OTg3OTgxRklSIFJDMDI2MjAyNUEwMDE2LnBkZg==
RC0592025A0003,,,https://cbi.gov.in/download/L2Fzc2V0cy9maWxlcy9maXIvMzA5MzU0MTE4UkMwNTkyMDI1QTAwMDNfMDAwMS5wZGY=
RC0242025A0003,,,https://cbi.gov.in/download/L2Fzc2V0cy9maWxlcy9maXIvNTM3MzQ0ODY0RklSIFJDMDI0MjAyNUEwMDAzLnBkZg==
RC2172025A0008,,,https://cbi.gov.in/download/L2Fzc2V0cy9maWxlcy9maXIvMTE3MTYxOTAzN0ZJUiBSQzA4XzIwMjUucGRm
RC0172025A0003,,,https://cbi.gov.in/download/L2Fzc2V0cy9maWxlcy9maXIvMjEyNzUzNzYwN0ZJUiBpbiBSQzAxNzIwMjVBMDAwMy5wZGY=
RC0322025A0012,,,https://cbi.gov.in/download/L2Fzc2V0cy9maWxlcy9maXIvMTg3Njg4NTU2OUZJUiBJTiBSQyAxMiBBIDIwMjUucGRm
RC0322025A0011,,,https://cbi.gov.in/download/L2Fzc2V0cy9maWxlcy9maXIvMjEyNDgzMDUyOVJDMDMyMjAyNUEwMDExLnBkZg==
RC0322025A0010,,,https://cbi.gov.in/download/L2Fzc2V0cy9maWxlcy9maXIvNTgyOTQ3Nzc0U2lnbmVkIEZJUiBSQyAxMCBvZiAyMDI1LnBkZg==
RC0322025A0009,,,https://cbi.gov.in/download/L2Fzc2V0cy9maWxlcy9maXIvMjE1ODE5OTY3U2lnbmVkIEZJUiBSQyA5IG9mIDIwMjUucGRm
RC0322025A0008,,,https://cbi.gov.in/download/L2Fzc2V0cy9maWxlcy9maXIvMjE0MDc1NzA3MFNpZ25lZCBGSVIgUkMgOCBvZiAyMDI1LnBkZg==
RC1222025A0002,,,https://cbi.gov.in/download/L2Fzc2V0cy9maWxlcy9maXIvNTQ5MzU4OTg1RklSIFJDMTIyMjAyNUEwMDAyLnBkZg==
RC0962025A0008,,,https://cbi.gov.in/download/L2Fzc2V0cy9maWxlcy9maXIvMTkxNzMzOTUyOEZJUiBSQyBObyAwOCBvZiAyMDI1LnBkZg==
RC0962025A0007,,,https://cbi.gov.in/download/L2Fzc2V0cy9maWxlcy9maXIvNzQ3NTk1ODA2UkMwOTYyMDI1QTAwMDcucGRm
RC0962025A0006,,,https://cbi.gov.in/download/L2Fzc2V0cy9maWxlcy9maXIvMTU1OTM0ODAwMlJDMDk2MjAyNUEwMDA2LnBkZg==
RC0152025A0003,,,https://cbi.gov.in/download/L2Fzc2V0cy9maWxlcy9maXIvNzE0NDEyMTY0RklSLVJDMDE1MjAyNUEwMDAzLnBkZg==
RC0362025A0003,,,https://cbi.gov.in/download/L2Fzc2V0cy9maWxlcy9maXIvMTgzNjM4MTQzMVJDMDM2MjAyNUEwMDAzLnBkZg==
RC0312025A0005,,,https://cbi.gov.in/download/L2Fzc2V0cy9maWxlcy9maXIvNDQ1NTU4NjkwUkMwMzEyMDI1QTAwMDUucGRm
RC0252025A0005,,,https://cbi.gov.in/download/L2Fzc2V0cy9maWxlcy9maXIvMTM0NDAwNjUwM0ZJUiBSQzUtMjUtRC5wZGY=
RC0202025A0002,,,https://cbi.gov.in/download/L2Fzc2V0cy9maWxlcy9maXIvNTQwOTY5NzI1RklSIG9mIFJDMDIwMjAyNUEwMDAyLnBkZg==
RC0202025A0001,,,https://cbi.gov.in/download/L2Fzc2V0cy9maWxlcy9maXIvMTI1MDQwMTExMUZJUiBvZiBSQzAyMDIwMjVBMDAwMS5wZGY=
RC 0592025A0002,,,https://cbi.gov.in/download/L2Fzc2V0cy9maWxlcy9maXIvNDA0MzU3ODI5RklSIGluIGNhc2UgUkMgMDIgb2YgMjAyNV8wMDAxLnBkZg==
RC2202025E0006 EO-II,,,https://cbi.gov.in/download/L2Fzc2V0cy9maWxlcy9maXIvMTg1Nzg1ODI3MFJDMjIwMjAyNUUwMDA2LnBkZg==
RC0682025E0002,,,https://cbi.gov.in/download/L2Fzc2V0cy9maWxlcy9maXIvODgxMDEzODEzRklSIGluIFJDIDJFMjAyNS5wZGY=
RC0322025A0007,,,https://cbi.gov.in/download/L2Fzc2V0cy9maWxlcy9maXIvOTIxMDA2MTU0UkMgMDcgb2YgMjAyNS5wZGY=
RC0062025A0010,,,https://cbi.gov.in/download/L2Fzc2V0cy9maWxlcy9maXIvNTU2NTE3NTYyUkMwMDYyMDI1QTAwMTAuUERG
RC0052025A0007,,,https://cbi.gov.in/download/L2Fzc2V0cy9maWxlcy9maXIvMTM4NDIzMDA5NVJDMDA1MjAyNUEwMDA3LnBkZg==
RC0032025A0025,,,https://cbi.gov.in/download/L2Fzc2V0cy9maWxlcy9maXIvMTk5NzY4OTg5UkMwMDMyMDI1QTAwMjUucGRm
RC0352025A0004,,,https://cbi.gov.in/download/L2Fzc2V0cy9maWxlcy9maXIvMTk0MzIyMDMyN0ZJUiBpbiBSQzAzNTIwMjVBMDAwNC5wZGY=
RC0032025A0024,,,https://cbi.gov.in/download/L2Fzc2V0cy9maWxlcy9maXIvNTY3ODI2MjkyUkMwMDMyMDI1QTAwMjQucGRm
RC1202025A0006,,,https://cbi.gov.in/download/L2Fzc2V0cy9maWxlcy9maXIvMTUxODA3MjEzMEZJUiBSQzEyMDIwMjVBMDAwNi5wZGY=
RC1202025A0005,,,https://cbi.gov.in/download/L2Fzc2V0cy9maWxlcy9maXIvMTAzMjcwMTUzNFJDMTIwMjAyNUEwMDA1LnBkZg==
RC0062025A0009,,,https://cbi.gov.in/download/L2Fzc2V0cy9maWxlcy9maXIvMjk2NTc4NjI2UkMwMDYyMDI1QTAwMDkuUERG
RC0032025A0023,,,https://cbi.gov.in/download/L2Fzc2V0cy9maWxlcy9maXIvODg5NzM5MjkzUkMwMDMyMDI1QTAwMjMucGRm
RC0512025S0004,,,https://cbi.gov.in/download/L2Fzc2V0cy9maWxlcy9maXIvNjI3MTQwNjA4UkMwNTEyMDI1UzAwMDQucGRm
RC0252025A0004,,,https://cbi.gov.in/download/L2Fzc2V0cy9maWxlcy9maXIvMjM0NDIxMTM0UkM0KEEpLTI1LUQucGRm
RC0212025A0002,,,https://cbi.gov.in/download/L2Fzc2V0cy9maWxlcy9maXIvMzM2MzY2MDkzRklSIE5vLiBSQzAyMTIwMjVBMDAwMl8wMDAxMDQucGRm
RC0212025A0001,,,https://cbi.gov.in/download/L2Fzc2V0cy9maWxlcy9maXIvMjAyNDYzMTIzRklSIE5vLiBSQzAyMTIwMjVBMDAwMV8wMDAxMDUucGRm
RC2202025E0005,,,https://cbi.gov.in/download/L2Fzc2V0cy9maWxlcy9maXIvMTc2NTk5OTc4N1JDIDIyMDIwMjVFMDAwNS5wZGY=
RC2192025E0005,,,https://cbi.gov.in/download/L2Fzc2V0cy9maWxlcy9maXIvNTg0MDg1NDgxUkMyMTkyMDI1RTAwMDVfMDAwMS5wZGY=
RC2182025A0009,,,https://cbi.gov.in/download/L2Fzc2V0cy9maWxlcy9maXIvMTQxNzkzNTYwNFJDMjE4MjAyNUEwMDA5LnBkZg==
RC2182025A0008,,,https://cbi.gov.in/download/L2Fzc2V0cy9maWxlcy9maXIvMTE5MDUxODYwMVJDMjE4MjAyNUEwMDA4LnBkZg==
RC1202025A0004,,,https://cbi.gov.in/download/L2Fzc2V0cy9maWxlcy9maXIvODg5MDY3NTQzUkMxMjAyMDI1QTAwMDQucGRm
RC0322025A0006,,,https://cbi.gov.in/download/L2Fzc2V0cy9maWxlcy9maXIvMTM5MjE1Nzg2N1JDIDA2IDIwMjUucGRm
RC0322025A0005,,,https://cbi.gov.in/download/L2Fzc2V0cy9maWxlcy9maXIvMzIxNDU5NTEwUkMgMDUgb2YgMjAyNS5wZGY=
RC0092025A0003,,,https://cbi.gov.in/download/L2Fzc2V0cy9maWxlcy9maXIvMTY1ODk5OTk0N1JDMDA5MjAyNUEwMDAzLnBkZg==
RC0252025A0003,,,https://cbi.gov.in/download/L2Fzc2V0cy9maWxlcy9maXIvNzkxNTQzNzkwRklSIGluIFJDIDMoQSkyMDI1LUQucGRm
RC0072025A0003,,,https://cbi.gov.in/download/L2Fzc2V0cy9maWxlcy9maXIvMTY1NjkxODQyM1JDMDA3MjAyNUEwMDAzLnBkZg==
RC2182025A0007,,,https://cbi.gov.in/download/L2Fzc2V0cy9maWxlcy9maXIvMjA0MjkzNzQ2MlJDMjE4MjAyNUEwMDA3LnBkZg==
RC0322025A0004,,,https://cbi.gov.in/download/L2Fzc2V0cy9maWxlcy9maXIvMTcxNjYzNDA2OFJDIDQgb2YgMjAyNS5wZGY=
RC0322025A0003,,,https://cbi.gov.in/download/L2Fzc2V0cy9maWxlcy9maXIvMTg1MjEyMjI1NFJDIDAzIG9mIDIwMjUucGRm
RC0502025S0003,,,https://cbi.gov.in/download/L2Fzc2V0cy9maWxlcy9maXIvMjE0MjA5MDI0NVJDMDUwMjAyNVMwMDAzLlBkZi5wZGY=
RC0502025S0002,,,https://cbi.gov.in/download/L2Fzc2V0cy9maWxlcy9maXIvNzkyOTA5NTg4RklSX1JDMDUwMjAyNVMwMDAyLnBkZg==
RC0352025A0003,,,https://cbi.gov.in/download/L2Fzc2V0cy9maWxlcy9maXIvNDE0MDIyNjgxRklSIGluIFJDMDM1MjAyNUEwMDAzLnBkZg==
RC0342025S0001,,,https://cbi.gov.in/download/L2Fzc2V0cy9maWxlcy9maXIvMTg0NDMzODUzMUZJUiBpbiBSQyAwMzQyMDI1UzAwMDEucGRm
RC0032025A0022,,,https://cbi.gov.in/download/L2Fzc2V0cy9maWxlcy9maXIvMTE0NzAwOTE5MVJDMDAzMjAyNUEwMDIyLnBkZg==
RC0032025A0021,,,https://cbi.gov.in/download/L2Fzc2V0cy9maWxlcy9maXIvMTQ4MTM3NjMwMVJDMDAzMjAyNUEwMDIxLnBkZg==
RC0332025A0003,,,https://cbi.gov.in/download/L2Fzc2V0cy9maWxlcy9maXIvMjY5NTgwODVGSVIgaW4gUkMgMDMgQSAyMDI1IENCSSBBQ0IgQ29jaGluICBTY2FubmVkIENvcHkucGRm
RC0082025A0004,,,https://cbi.gov.in/download/L2Fzc2V0cy9maWxlcy9maXIvODAwMjAwNTY0UkMwMDgyMDI1QTAwMDQucGRm
RC0042025A0004,,,https://cbi.gov.in/download/L2Fzc2V0cy9maWxlcy9maXIvMTkxNzQ3NzI3OFJDMDA0MjAyNUEwMDA0LnBkZg==
RC0032025A0020,,,https://cbi.gov.in/download/L2Fzc2V0cy9maWxlcy9maXIvMTE3NzE1MDcwM1JDMDAzMjAyNUEwMDIwLnBkZg==
RC0032025A0019,,,https://cbi.gov.in/download/L2Fzc2V0cy9maWxlcy9maXIvNzQzMDQxNTg5UkMwMDMyMDI1QTAwMTkucGRm
RC0032025A0018,,,https://cbi.gov.in/download/L2Fzc2V0cy9maWxlcy9maXIvMTk2Nzc0ODg1OVJDMDAzMjAyNUEwMDE4LnBkZg==
RC0032025A0017,,,https://cbi.gov.in/download/L2Fzc2V0cy9maWxlcy9maXIvMTUyMjI5ODg0NlJDMDAzMjAyNUEwMDE3LnBkZg==
RC2182025A0006,,,https://cbi.gov.in/download/L2Fzc2V0cy9maWxlcy9maXIvNzM0Mzk5NDIxUkMyMTgyMDI1QTAwMDYuLnBkZg==
RC0322025A0002,,,https://cbi.gov.in/download/L2Fzc2V0cy9maWxlcy9maXIvOTY1NDQ0NzMyUkMgMDIgb2YgMjAyNS5wZGY=
RC0262025A0015,,,https://cbi.gov.in/download/L2Fzc2V0cy9maWxlcy9maXIvODU3OTMxODg1RklSIFJDMDI2MjAyNUEwMDE1LnBkZg==
RC0242025A0002,,,https://cbi.gov.in/download/L2Fzc2V0cy9maWxlcy9maXIvMTQ3NzUwNzY1MUZJUi5wZGY=
RC0482025S0002,,,https://cbi.gov.in/download/L2Fzc2V0cy9maWxlcy9maXIvMTY0OTI0NDc4NFJDMDQ4MjAyNVMwMDAyLnBkZg==
RC0262025A0014,,,https://cbi.gov.in/download/L2Fzc2V0cy9maWxlcy9maXIvMTYyMTYwNTk0MkZJUiBSQzAyNjIwMjVBMDAxNC5wZGY=
RC0172025A0002,,,https://cbi.gov.in/download/L2Fzc2V0cy9maWxlcy9maXIvMTkwMjIwNzM4OUZJUiBpbiBSQzAxNzIwMjVBMDAwMi5wZGY=
RC0152025A0002,,,https://cbi.gov.in/download/L2Fzc2V0cy9maWxlcy9maXIvMTE2NDg2OTIyMkZJUi1SQzAxNTIwMjVBMDAwMi5wZGY=
RC2192025E0004,,,https://cbi.gov.in/download/L2Fzc2V0cy9maWxlcy9maXIvNjM4MzE0Njg5UkMyMTkyMDI1RTAwMDQucGRm
RC2192025E0003,,,https://cbi.gov.in/download/L2Fzc2V0cy9maWxlcy9maXIvMTE3MzI3ODAwNFJDMjE5MjAyNUUwMDAzLnBkZg==
RC2192025E0002,,,https://cbi.gov.in/download/L2Fzc2V0cy9maWxlcy9maXIvNDYzMzk5MjM3UkMyMTkyMDI1RTAwMDIucGRm
RC0262025A0013,,,https://cbi.gov.in/download/L2Fzc2V0cy9maWxlcy9maXIvMTMwMDM0MTY4RklSIFJDMDI2MjAyNUEwMDEzLnBkZg==
RC0232025A0006,,,https://cbi.gov.in/download/L2Fzc2V0cy9maWxlcy9maXIvMTgxMTg3OTEwRklSIFJDNl8yNS5wZGY=
RC0332025A0002,,,https://cbi.gov.in/download/L2Fzc2V0cy9maWxlcy9maXIvMTI5OTQyNjk4NUZJUiBpbiBSQyAwMkEyMDI1IENCSSBBQ0IgQ29jaGluXy5wZGY=
RC0262025A0012,,,https://cbi.gov.in/download/L2Fzc2V0cy9maWxlcy9maXIvNDE2Njg0ODM4UkMwMjYyMDI1QTAwMTIucGRm
RC0062025A0008,,,https://cbi.gov.in/download/L2Fzc2V0cy9maWxlcy9maXIvNTU2ODk0MDM5UkMwMDYyMDI1QTAwMDguUERG
RC2172025A0007,,,https://cbi.gov.in/download/L2Fzc2V0cy9maWxlcy9maXIvMjAzNDUwODA5OFJDMjE3MjAyNUEwMDA3LnBkZg==
RC1222025A0001,,,https://cbi.gov.in/download/L2Fzc2V0cy9maWxlcy9maXIvMTk1MzEwMjMyMUZJUiBSQzEyMjIwMjVBMDAwMS5wZGY=
RC0052025A0006,,,https://cbi.gov.in/download/L2Fzc2V0cy9maWxlcy9maXIvMTM4MzQwMDcyMVJDMDA1MjAyNUEwMDA2LnBkZg==
RC0032025A0016,,,https://cbi.gov.in/download/L2Fzc2V0cy9maWxlcy9maXIvNzI1NTEyODI1UkMwMDMyMDI1QTAwMTYucGRm
RC0032025A0015,,,https://cbi.gov.in/download/L2Fzc2V0cy9maWxlcy9maXIvMTcwODk3MjYxMFJDMDAzMjAyNUEwMDE1LnBkZg==
RC0262025A0011,,,https://cbi.gov.in/download/L2Fzc2V0cy9maWxlcy9maXIvMTUwMjA2MTMwMlJDMDI2MjAyNUEwMDExLnBkZg==
RC2172025A0006,,,https://cbi.gov.in/download/L2Fzc2V0cy9maWxlcy9maXIvMTcwMzg1NDYwMFJDMjE3MjAyNUEwMDA2LnBkZg==
RC0692025E0002,,,https://cbi.gov.in/download/L2Fzc2V0cy9maWxlcy9maXIvOTM3MDYwNDAzRklSIGluIFJDMDY5MjAyNUUwMDAyLnBkZg==
RC2182025A0005,,,https://cbi.gov.in/download/L2Fzc2V0cy9maWxlcy9maXIvMTYyNTIwMzc3MlJDMjE4MjAyNUEwMDA1LnBkZg==
RC2182025A0004,,,https://cbi.gov.in/download/L2Fzc2V0cy9maWxlcy9maXIvODQ5MDgyNzZSQzIxODIwMjVBMDAwNC5wZGY=
RC2182025A0003,,,https://cbi.gov.in/download/L2Fzc2V0cy9maWxlcy9maXIvMTk5ODA1NzUxM1JDMjE4MjAyNUEwMDAzLnBkZg==
RC0232025A0005,,,https://cbi.gov.in/download/L2Fzc2V0cy9maWxlcy9maXIvMTIwNjUwMjk2MUZJUiBSQzVfMjUuLnBkZg==
RC0042025A0002,,,https://cbi.gov.in/download/L2Fzc2V0cy9maWxlcy9maXIvMTg1MTg1NzU4UkMwMDQyMDI1QTAwMDIucGRm
RC2162025A0004,,,https://cbi.gov.in/download/L2Fzc2V0cy9maWxlcy9maXIvOTMyMjcwODAxUkMyMTYyMDI1QTAwMDQucGRm
RC0082025A0003,,,https://cbi.gov.in/download/L2Fzc2V0cy9maWxlcy9maXIvMjA4OTk1NjcyMVJDMDA4MjAyNUEwMDAzLnBkZg==
RC2172025A0005,,,https://cbi.gov.in/download/L2Fzc2V0cy9maWxlcy9maXIvMTcyODQ1NDE3OFJDMjE3MjAyNUEwMDA1X0Zpcl9WZXIyLnBkZg==
RC0692025E0001,,,https://cbi.gov.in/download/L2Fzc2V0cy9maWxlcy9maXIvMTAxODAxOTI4N0ZJUiBpbiBSQzA2OTIwMjVFMDAwMS5wZGY=
RC0062025A0007,,,https://cbi.gov.in/download/L2Fzc2V0cy9maWxlcy9maXIvMTQwMzc3NzkwOFJDMDA2MjAyNUEwMDA3LlBERg==
RC0062025A0006,,,https://cbi.gov.in/download/L2Fzc2V0cy9maWxlcy9maXIvMTA0Njc1ODI0MVJDMDA2MjAyNUEwMDA2LlBERg==
RC0922025S0001,,,https://cbi.gov.in/download/L2Fzc2V0cy9maWxlcy9maXIvNzczMzU5ODI4RklSIDEgMjUucGRm
RC0282025A0001,,,https://cbi.gov.in/download/L2Fzc2V0cy9maWxlcy9maXIvMzQ2OTE4NjA3RklSIFJDMDE9MjAyNS5wZGY=
RC0062025A0005,,,https://cbi.gov.in/download/L2Fzc2V0cy9maWxlcy9maXIvMTc3NTg2NzAxOVJDMDA2MjAyNUEwMDA1LlBERg==
RC0262025A0010,,,https://cbi.gov.in/download/L2Fzc2V0cy9maWxlcy9maXIvMzg4ODU4MThSQzAyNjIwMjVBMDAxMC5wZGY=
RC0052025A0005,,,https://cbi.gov.in/download/L2Fzc2V0cy9maWxlcy9maXIvOTMyNDUxMDU2UkMwMDUyMDI1QTAwMDUucGRm
RC0592025A0001,,,https://cbi.gov.in/download/L2Fzc2V0cy9maWxlcy9maXIvMjQ0NzIzNjk2RklSIE5vLiAwMS0yMDI1XzAwMDEucGRm
RC0302025A0004,,,https://cbi.gov.in/download/L2Fzc2V0cy9maWxlcy9maXIvMTY5NDUxNDQ3NFJDMDMwMjAyNUEwMDA0LnBkZg==
RC0232025A0004,,,https://cbi.gov.in/download/L2Fzc2V0cy9maWxlcy9maXIvMjEwNDAxNjQxOUZJUiBSQyA0XzI1LnBkZg==
RC0312025A0004,,,https://cbi.gov.in/download/L2Fzc2V0cy9maWxlcy9maXIvMTE5NTQxMDc0OVJDMDMxMjAyNUEwMDA0LnBkZg==
RC0302025A0003,,,https://cbi.gov.in/download/L2Fzc2V0cy9maWxlcy9maXIvMTU5NDIzMzM2NUZJUiAwMyAyMDI1LnBkZg==
RC0092025A0002,,,https://cbi.gov.in/download/L2Fzc2V0cy9maWxlcy9maXIvMjEzMzQ2ODE1OUZJUiBSQzAwOTIwMjVBMDAwMi5wZGY=
RC0092025A0001,,,https://cbi.gov.in/download/L2Fzc2V0cy9maWxlcy9maXIvMTg5MTEyOTM2OUZJUiAgUkMwMDkyMDI1QTAwMDEucGRm
RC0512025S0003,,,https://cbi.gov.in/download/L2Fzc2V0cy9maWxlcy9maXIvNTg5OTc2MjhSQzA1MTIwMjVTMDAwMyBTQ0IgQ0hHLnBkZg==
RC0062025A0004,,,https://cbi.gov.in/download/L2Fzc2V0cy9maWxlcy9maXIvMzgwNzQ1OTMxUkMwMDYyMDI1QTAwMDQuUERG
RC0032025A0014,,,https://cbi.gov.in/download/L2Fzc2V0cy9maWxlcy9maXIvMzA4MDgzOTQ5UkMwMDMyMDI1QTAwMTQucGRm
RC0032025A0013,,,https://cbi.gov.in/download/L2Fzc2V0cy9maWxlcy9maXIvOTg5MzI0NDkyUkMwMDMyMDI1QTAwMTMucGRm
RC2162025A0003,,,https://cbi.gov.in/download/L2Fzc2V0cy9maWxlcy9maXIvMzc0NDEyNTAzUkMyMTYyMDI1QTAwMDMucGRm
RC0682025E0001,,,https://cbi.gov.in/download/L2Fzc2V0cy9maWxlcy9maXIvNzc4NjkxOTk2RklSIGluIFJDMDY4MjAyNUUwMDAxLnBkZg==
RC0292025A0002,,,https://cbi.gov.in/download/L2Fzc2V0cy9maWxlcy9maXIvMTEyMTM2OTkyOVJDMDI5MjAyNUEwMDAyLnBkZg==
RC2172025A0004,,,https://cbi.gov.in/download/L2Fzc2V0cy9maWxlcy9maXIvOTQzNjA0OTMxRklSIFJDMjE3MjAyNUEwMDA0LnBkZg==
RC1232025A0002,,,https://cbi.gov.in/download/L2Fzc2V0cy9maWxlcy9maXIvMjQyMDUyMzQxUkMxMjMyMDI1QTAwMDItLnBkZg==
RC0312025A0003,,,https://cbi.gov.in/download/L2Fzc2V0cy9maWxlcy9maXIvMjM1ODU5NzJSQzAzMTIwMjVBMDAwMy5wZGY=
RC0232025A0003,,,https://cbi.gov.in/download/L2Fzc2V0cy9maWxlcy9maXIvMTI2MjYyMjYwNkZJUiBSQyAzXzI1LnBkZg==
RC0082025A0002,,,https://cbi.gov.in/download/L2Fzc2V0cy9maWxlcy9maXIvMjAzODgwOTkwNlJDMDA4MjAyNUEwMDAyLnBkZg==
RC2162025A0002,,,https://cbi.gov.in/download/L2Fzc2V0cy9maWxlcy9maXIvMjYzMzg1OTAzUkMyMTYyMDI1QTAwMDIucGRm
RC0232025A0002,,,https://cbi.gov.in/download/L2Fzc2V0cy9maWxlcy9maXIvMTQ1MzM0NDkzMEZJUiBSQyAyXzI1X1dfVi5wZGY=
RC0062025A0003,,,https://cbi.gov.in/download/L2Fzc2V0cy9maWxlcy9maXIvMTE5MDY2MTUwMVJDMDA2MjAyNUEwMDAzLlBERg==
RC0062025A0002,,,https://cbi.gov.in/download/L2Fzc2V0cy9maWxlcy9maXIvODkzOTY1NTY0UkMwMDYyMDI1QTAwMDIuUERG
RC2312025S0003,,,https://cbi.gov.in/download/L2Fzc2V0cy9maWxlcy9maXIvNTY1NzgxMjg1UkMyMzEyMDI1UzAwMDMucGRm
RC0252025A0002,,,https://cbi.gov.in/download/L2Fzc2V0cy9maWxlcy9maXIvMTk1NTQ1MTIxM0ZJUiAwMihBKTIwMjUtRC5wZGY=
RC0032025A0012,,,https://cbi.gov.in/download/L2Fzc2V0cy9maWxlcy9maXIvMTg2Mjk0OTM4OVJDMDAzMjAyNUEwMDEyLnBkZg==
RC1202025A0003,,,https://cbi.gov.in/download/L2Fzc2V0cy9maWxlcy9maXIvNzU5MDQzMTNGSVIgMTIwMjAyNUEwMDAzLnBkZg==
R0302025A0002,,,https://cbi.gov.in/download/L2Fzc2V0cy9maWxlcy9maXIvMTQ2ODEyMDk1MFJDMDMwMjAyNUEwMDAyLnBkZg==
RC2202025E0004,,,https://cbi.gov.in/download/L2Fzc2V0cy9maWxlcy9maXIvMTUzOTg2NTg1MFJDIDIyMDIwMjVFMDAwNCBFTy1JSS5wZGY=
RC2202025E0003,,,https://cbi.gov.in/download/L2Fzc2V0cy9maWxlcy9maXIvMTM5MDI3NDI2NVJDIDIyMDIwMjVFMDAwMyBFTy1JSS5wZGY=
RC0262025A0009,,,https://cbi.gov.in/download/L2Fzc2V0cy9maWxlcy9maXIvMTA2NjYzMDQyOFJDMDI2MjAyNUEwMDA5LnBkZg==
RC2172025A0003,,,https://cbi.gov.in/download/L2Fzc2V0cy9maWxlcy9maXIvNjk3OTE3ODBGSVIgUkMyMTcyMDI1QTAwMDMucGRm
RC0332025A0001,,,https://cbi.gov.in/download/L2Fzc2V0cy9maWxlcy9maXIvMTg3MDQ5NDg4NkZJUiBpbiBSQzAxIEEgMjAyNSBDQkkgQUNCIENvY2hpbl9jb21wcmVzc2VkICgxKS5wZGY=
RC0082025A0001,,,https://cbi.gov.in/download/L2Fzc2V0cy9maWxlcy9maXIvNDkwNTk1MzRSQzAwODIwMjVBMDAwMS5wZGY=
RC0032025A0011,,,https://cbi.gov.in/download/L2Fzc2V0cy9maWxlcy9maXIvMTY2MTQ2Njg1OVJDMDAzMjAyNUEwMDExLnBkZg==
RC0312025A0002,,,https://cbi.gov.in/download/L2Fzc2V0cy9maWxlcy9maXIvNDc2NTc0NDcyUkMwMzEyMDI1QTAwMDIucGRm
RC0262025A0008,,,https://cbi.gov.in/download/L2Fzc2V0cy9maWxlcy9maXIvNzg3ODMwMzIzUkMwMjYyMDI1QTAwMDgucGRm
RC0042025A0001,,,https://cbi.gov.in/download/L2Fzc2V0cy9maWxlcy9maXIvMjI1Mjk4NjhSQzAwNDIwMjVBMDAwMS5wZGY=
RC0302025A0001,,,https://cbi.gov.in/download/L2Fzc2V0cy9maWxlcy9maXIvMTk1MDg1MTQxM1JDMDMwMjAyNSBBMDAwMS5wZGY=
RC2192025E0001,,,https://cbi.gov.in/download/L2Fzc2V0cy9maWxlcy9maXIvMTYyMTgwODkxN1JDMjE5MjAyNUUwMDAxLnBkZg==
RC0742025E0001,,,https://cbi.gov.in/download/L2Fzc2V0cy9maWxlcy9maXIvMTE3MzM2NzA0N1JDMDc0MjAyNUUwMDAxX0Zpci5wZGY=
RC0262025A0007,,,https://cbi.gov.in/download/L2Fzc2V0cy9maWxlcy9maXIvOTQ1NTg4MDU5RklSIFJDMDI2MjAyNUEwMDA3LnBkZg==
RC0262025A0006,,,https://cbi.gov.in/download/L2Fzc2V0cy9maWxlcy9maXIvOTAyMzQzODQyRklSIFJDIDAyNjIwMjVBMDAwNi5wZGY=
RC0062025A0001,,,https://cbi.gov.in/download/L2Fzc2V0cy9maWxlcy9maXIvOTMwNTIxMTZSQzAwNjIwMjVBMDAwMS5QREY=
"RC2202025E0002, EO-II, NEW DELHI",,,https://cbi.gov.in/download/L2Fzc2V0cy9maWxlcy9maXIvMjEwMDE1MzUxUkMyMjAyMDI1RTAwMDIgRU8tSUksIE5ldyBEZWxoaS5wZGY=
RC04820250001,,,https://cbi.gov.in/download/L2Fzc2V0cy9maWxlcy9maXIvNjM5MjI1MjE3RklSIFJDMDEgUyAyMDI1XzAwMDEucGRm
RC0242025A0001,,,https://cbi.gov.in/download/L2Fzc2V0cy9maWxlcy9maXIvMTMyNTUzNDM4MkZJUiBSQzAyNDIwMjVBMDAwMS5wZGY=
RC2182025A0002,,,https://cbi.gov.in/download/L2Fzc2V0cy9maWxlcy9maXIvNjUzMzc2MDQ5UkMyMTgyMDI1QTAwMDIucGRm
RC1242025A0002,,,https://cbi.gov.in/download/L2Fzc2V0cy9maWxlcy9maXIvNTUyODM5MDc0UkMxMjQyMDI1QTAwMDIucGRm
RC0262025A0005,,,https://cbi.gov.in/download/L2Fzc2V0cy9maWxlcy9maXIvMTgzMzgxNzM4N0ZJUiBSQzAyNjIwMjVBMDAwNS5wZGY=
RC0052025A0004,,,https://cbi.gov.in/download/L2Fzc2V0cy9maWxlcy9maXIvMTQ1NTE0MjAyMlJDMDA1MjAyNUEwMDA0LnBkZg==
RC0052025A0003,,,https://cbi.gov.in/download/L2Fzc2V0cy9maWxlcy9maXIvMTE0NDIzMzcyOVJDMDA1MjAyNUEwMDAzLnBkZg==
RC0512025S0002,,,https://cbi.gov.in/download/L2Fzc2V0cy9maWxlcy9maXIvMTY5OTE1NzUyMVJDMDUxMjAyNVMwMDAyLnBkZg==
RC0512025S0001,,,https://cbi.gov.in/download/L2Fzc2V0cy9maWxlcy9maXIvMTk0NzY2Nzk3MlJDMDUxMjAyNVMwMDAxLnBkZg==
RC0262025A0004,,,https://cbi.gov.in/download/L2Fzc2V0cy9maWxlcy9maXIvMzExNzM1MzhGSVIgUkMwMjYyMDI1QTAwMDQucGRm
RC0032025A0010,,,https://cbi.gov.in/download/L2Fzc2V0cy9maWxlcy9maXIvMzc0MDYyNzA2UkMwMDMyMDI1QTAwMTAucGRm
RC1202025A0002,,,https://cbi.gov.in/download/L2Fzc2V0cy9maWxlcy9maXIvMTUxOTM2NjAzMkZJUiBSQzEyMDIwMjVBMDAwMi5wZGY=
RC0052025A0002,,,https://cbi.gov.in/download/L2Fzc2V0cy9maWxlcy9maXIvMTc0NDc3OTc1MVJDMDA1MjAyNUEwMDAyLnBkZg==
RC0362025A0002,,,https://cbi.gov.in/download/L2Fzc2V0cy9maWxlcy9maXIvODM2MDI1NTkxUkMwMzYyMDI1QTAwMDIucGRm
RC0052025A0001,,,https://cbi.gov.in/download/L2Fzc2V0cy9maWxlcy9maXIvMTA1NTI0MjQ5OVJDMDA1MjAyNUEwMDAxLnBkZg==
RC1242025A0001,,,https://cbi.gov.in/download/L2Fzc2V0cy9maWxlcy9maXIvMTM0MDUzNzQ2NlJDMTI0MjAyNUEwMDAxLnBkZg==
RC1232025A0001,,,https://cbi.gov.in/download/L2Fzc2V0cy9maWxlcy9maXIvMTc5NzU3Nzc0OUZJUiBJbiBSQzEoQSkgb2YgMjAyNS5wZGY=
RC0072025A0002,,,https://cbi.gov.in/download/L2Fzc2V0cy9maWxlcy9maXIvMzM4NjQ4NDc1RklSIDIgb2YgMjAyNS5wZGY=
RC0072025A0001,,,https://cbi.gov.in/download/L2Fzc2V0cy9maWxlcy9maXIvMzcwOTU5MzMyRklSIDEgb2YgMjAyNS5wZGY=
RC0032025A0009,,,https://cbi.gov.in/download/L2Fzc2V0cy9maWxlcy9maXIvMTk3MTY1NDE4NVJDMDAzMjAyNUEwMDA5LnBkZg==
RC0582025S0005,,,https://cbi.gov.in/download/L2Fzc2V0cy9maWxlcy9maXIvMjQ3NDUxNzQyUkMwNTgyMDI1UzAwMDUgZmluYWwucGRm
RC0582025S0004,,,https://cbi.gov.in/download/L2Fzc2V0cy9maWxlcy9maXIvNjM1MTYzNDQ4UkMwNTgyMDI1UzAwMDQgZmluYWwucGRm
RC0582025S0003,,,https://cbi.gov.in/download/L2Fzc2V0cy9maWxlcy9maXIvMzc5NDg2Mjg5UkMwNTgyMDI1UzAwMDMgZmluYWwucGRm
RC0032025A0008,,,https://cbi.gov.in/download/L2Fzc2V0cy9maWxlcy9maXIvMzQ3ODQzMzY2UkMwMDMyMDI1QTAwMDgucGRm
RC0322025A0001,,,https://cbi.gov.in/download/L2Fzc2V0cy9maWxlcy9maXIvMjA0OTAyNzY2MDEgb2YgMjAyNS5wZGY=
RC0252025A0001,,,https://cbi.gov.in/download/L2Fzc2V0cy9maWxlcy9maXIvMjA0ODg5OTMxOFJDIDEoQSktMjAyNS1ELnBkZg==
RC1202025A0001,,,https://cbi.gov.in/download/L2Fzc2V0cy9maWxlcy9maXIvMjEyNTY2NTk1OUZJUiBSQzEyMDIwMjVBMDAwMS5wZGY=
RC0032025A0007,,,https://cbi.gov.in/download/L2Fzc2V0cy9maWxlcy9maXIvOTAzOTY1NDE4UkMwMDMyMDI1QTAwMDcucGRm
RC0032025A0006,,,https://cbi.gov.in/download/L2Fzc2V0cy9maWxlcy9maXIvMTk2MzA2NzkxOVJDMDAzMjAyNUEwMDA2LnBkZg==
RC2212025E0003,,,https://cbi.gov.in/download/L2Fzc2V0cy9maWxlcy9maXIvNjI4Njg3MzA1UkMgMDMgMjAyNV8wMDAxLnBkZg==
RC2182025A0001,,,https://cbi.gov.in/download/L2Fzc2V0cy9maWxlcy9maXIvMTM4Njg4NDUyMVJDMjE4MjAyNUEwMDAxLnBkZg==
RC0962025A0005,,,https://cbi.gov.in/download/L2Fzc2V0cy9maWxlcy9maXIvMTkyNTU1MDQ4NEZJUiAwNS0yNS5wZGY=
RC0962025A0004,,,https://cbi.gov.in/download/L2Fzc2V0cy9maWxlcy9maXIvMTM1ODczOTQyNUZJUiAwNC0yNS5wZGY=
RC0312025A0001,,,https://cbi.gov.in/download/L2Fzc2V0cy9maWxlcy9maXIvMTMyNTkwMTg2NFJDMDMxMjAyNUEwMDAxLnBkZg==
RC0292025A0001,,,https://cbi.gov.in/download/L2Fzc2V0cy9maWxlcy9maXIvMTU1NTgyNjU2MlJDMDI5MjAyNUEwMDAxLnBkZg==
RC0032025A0005,,,https://cbi.gov.in/download/L2Fzc2V0cy9maWxlcy9maXIvMTQ1MzcxNjg5UkMwMDMyMDI1QTAwMDUucGRm
RC0262025A0003,,,https://cbi.gov.in/download/L2Fzc2V0cy9maWxlcy9maXIvMTQ0MzI3ODc5NUZJUiBSQzAyNjIwMjVBMDAwMy5wZGY=
RC0032025A0004,,,https://cbi.gov.in/download/L2Fzc2V0cy9maWxlcy9maXIvNzE3NjcxNDMyUkMwMDMyMDI1QTAwMDQucGRm
RC2172025A0002,,,https://cbi.gov.in/download/L2Fzc2V0cy9maWxlcy9maXIvMTQxNjE4MDM1MUZJUiBSQzAyXzIwMjUucGRm
RC0502025S0001,,,https://cbi.gov.in/download/L2Fzc2V0cy9maWxlcy9maXIvMTE4MjE3MUZJUiBSQzA1MDIwMjVTMDAwMS5wZGYuLi4ucGRm
R2172025A0002,,,https://cbi.gov.in/download/L2Fzc2V0cy9maWxlcy9maXIvMTIyNjU4NjgwUkMyMTcyMDI1QTAwMDIucGRm
RC2162025A0001,,,https://cbi.gov.in/download/L2Fzc2V0cy9maWxlcy9maXIvMTk2MjA5MjgwMlJDMjE2MjAyNUEwMDAxLnBkZg==
RC0262025A0002,,,https://cbi.gov.in/download/L2Fzc2V0cy9maWxlcy9maXIvMTI3MDEyODUyMFJDMDI2MjAyNUEwMDAyLnBkZg==
RC0232025A0001,,,https://cbi.gov.in/download/L2Fzc2V0cy9maWxlcy9maXIvMTg0MjM1OTE2RklSIFJDIDFfMjUucGRm
RC0152025A0001,,,https://cbi.gov.in/download/L2Fzc2V0cy9maWxlcy9maXIvMTU5NjY0NTcxM0ZJUiAgUkMgMDE1MjAyNUEwMDAxLnBkZg==
RC0032025A0003,,,https://cbi.gov.in/download/L2Fzc2V0cy9maWxlcy9maXIvMTg0MTkyMjk3OVJDMDAzMjAyNUEwMDAzLnBkZg==
RC0362025A0001,,,https://cbi.gov.in/download/L2Fzc2V0cy9maWxlcy9maXIvMTY1ODg4MDczNlJDMDM2MjAyNUEwMDAxLnBkZg==
RC0962025S0003,,,https://cbi.gov.in/download/L2Fzc2V0cy9maWxlcy9maXIvMjk1OTczNVJDMDk2MjAyNVMwMDAzLnBkZg==
RC0962025S0002,,,https://cbi.gov.in/download/L2Fzc2V0cy9maWxlcy9maXIvMTQ3MDM5NTA0NFJDMDk2MjAyNVMwMDAyLnBkZg==
RC0582025S0002,,,https://cbi.gov.in/download/L2Fzc2V0cy9maWxlcy9maXIvMTU2ODU3NzYxM1IwNTgyMDI1UzAwMDIucGRm
RC2172025A0001,,,https://cbi.gov.in/download/L2Fzc2V0cy9maWxlcy9maXIvMTY4NTg1ODg0UkMyMTcyMDI1QTAwMDEucGRm
RC0582025S0001,,,https://cbi.gov.in/download/L2Fzc2V0cy9maWxlcy9maXIvMTYzNjY5NjQ5OVJDMDU4MjAyNVMwMDAxLnBkZg==
RC0352025A0002,,,https://cbi.gov.in/download/L2Fzc2V0cy9maWxlcy9maXIvMjAzMzI0OTE1N0ZJUiBpbiBSQzAzNTIwMjVBMDAwMi5wZGY=
RC0032025A0002,,,https://cbi.gov.in/download/L2Fzc2V0cy9maWxlcy9maXIvMTc3MzMxNDQ2MVJDMDAzMjAyNUEwMDAyLnBkZg==
RC0032025A0001,,,https://cbi.gov.in/download/L2Fzc2V0cy9maWxlcy9maXIvMTMyNjEzODk2OVJDMDAzMjAyNUEwMDAxLnBkZg==
RC2202025E0001 EO-II,,,https://cbi.gov.in/download/L2Fzc2V0cy9maWxlcy9maXIvMTQ3MjU0NjYwUkMyMjAyMDI1RTAwMDEgRU8tSUkucGRm
RC0962025A0001,,,https://cbi.gov.in/download/L2Fzc2V0cy9maWxlcy9maXIvMTY5OTgyMDgxNFJDMDk2MjAyNUEwMDAxLnBkZg==
RC0352025A0001,,,https://cbi.gov.in/download/L2Fzc2V0cy9maWxlcy9maXIvMTIyMDI4MDYwRklSIGluIFJDMDM1MjAyNUEwMDAxLnBkZg==
RC0262025A0001,,,https://cbi.gov.in/download/L2Fzc2V0cy9maWxlcy9maXIvMTQ3NTAxMzczOUZJUiBSQzAyNjIwMjVBMDAwMS5wZGY=
RC0172025A0001,,,https://cbi.gov.in/download/L2Fzc2V0cy9maWxlcy9maXIvMTEyMjU0MTA2OUZSIGluIFJDMDE3MjAyNUEwMDAxLnBkZg==
RC0682014E0009,,,https://cbi.gov.in/download/L2Fzc2V0cy9maWxlcy9maXIvMjkyNjUwMTQ2RklSLnBkZg==
